,Date,Open_ma,Close_ma,Performance,Buy_and_hold_performance,Superiority,Volatility,Sharpe_ratio,Max_drawdown,Sortino_ratio,Calmar_ratio,Number_of_trades,Open,High,Low,Close,Volume,EMA_open,EMA_close,Target,Trade_on,Port_change,Port,Performance Cumprod,Buy_and_hold_performance Cumprod,Performance portfolio,Performance buy and hold
2024-02-17 00:00:00,2024-02-17,,,,,,,,,,,,2801.81,2804.21,2797.7,2797.7,3369.2209,2801.81,2797.7,,0.0,0.0,100.0,,,,
2024-02-17 01:00:00,2024-02-17,,,,,,,,,,,,2796.15,2797.36,2787.93,2790.81,3804.5143,2796.15,2790.81,-1.0,0.0,0.002462737248454042,100.24627372484541,,,,
2024-02-17 02:00:00,2024-02-17,,,,,,,,,,,,2786.72,2794.46,2785.66,2790.03,3772.5146,2786.72,2790.03,-1.0,1.0,-0.002279488750577698,100.0177634716023,,,,
2024-02-17 03:00:00,2024-02-17,,,,,,,,,,,,2788.79,2792.32,2785.45,2787.16,3008.6703,2788.79,2787.16,1.0,0.0,0.0010286627742355262,100.12064802164782,,,,
2024-02-17 04:00:00,2024-02-17,,,,,,,,,,,,2793.39,2794.37,2788.63,2788.63,3204.7169,2793.39,2788.63,-1.0,0.0,-0.0005274185909672407,100.06784253054151,,,,
2024-02-17 05:00:00,2024-02-17,,,,,,,,,,,,2793.32,2794.8,2778.99,2782.0,5904.6181,2793.32,2782.0,-1.0,0.0,0.002377511537923679,100.305754980733,,,,
2024-02-17 06:00:00,2024-02-17,,,,,,,,,,,,2785.15,2788.7,2783.0,2787.66,2386.436,2785.15,2787.66,-1.0,1.0,3.4507548526187606e-05,100.30921628644045,,,,
2024-02-17 07:00:00,2024-02-17,,,,,,,,,,,,2787.09,2792.71,2786.0,2792.27,1909.8705,2787.09,2792.27,1.0,1.0,-0.0003462832626646981,100.27448088374943,,,,
2024-02-17 08:00:00,2024-02-17,,,,,,,,,,,,2795.56,2795.57,2781.47,2783.03,7728.1356,2795.56,2783.03,1.0,0.0,0.003309135577863094,100.60630273599362,,,,
2024-02-17 09:00:00,2024-02-17,,,,,,,,,,,,2774.99,2780.0,2768.06,2776.41,5441.6842,2774.99,2776.41,-1.0,1.0,-0.004378702349597505,100.16577768181922,,,,
2024-02-17 10:00:00,2024-02-17,,,,,,,,,,,,2775.38,2778.51,2765.22,2768.82,6987.6402,2775.38,2768.82,1.0,0.0,0.002733746096577844,100.43960548556758,,,,
2024-02-17 11:00:00,2024-02-17,,,,,,,,,,,,2780.01,2783.36,2778.2,2780.06,3133.2555,2780.01,2780.06,-1.0,1.0,0.0020594910467274076,100.64645995380192,,,,
2024-02-17 12:00:00,2024-02-17,,,,,,,,,,,,2780.58,2782.8,2776.69,2776.95,2909.6359,2780.58,2776.95,1.0,0.0,0.00111868089177936,100.75905122537748,,,,
2024-02-17 13:00:00,2024-02-17,,,,,,,,,,,,2782.99,2783.2,2756.0,2759.78,9257.6862,2782.99,2759.78,-1.0,0.0,0.006183042546678773,101.38204872606696,,,,
2024-02-17 14:00:00,2024-02-17,,,,,,,,,,,,2743.6,2754.73,2742.22,2745.9,5895.9344,2743.6,2745.9,-1.0,1.0,-0.0070293864003652855,100.66939513151077,,,,
2024-02-17 15:00:00,2024-02-17,,,,,,,,,,,,2739.99,2748.2,2731.01,2746.4,8038.0136,2739.99,2746.4,1.0,1.0,-0.0018179103390509486,100.48638719727518,,,,
2024-02-17 16:00:00,2024-02-17,,,,,,,,,,,,2754.33,2754.34,2742.73,2749.16,4421.1478,2754.33,2749.16,1.0,0.0,-0.001004951937081184,100.385403207811,,,,
2024-02-17 17:00:00,2024-02-17,,,,,,,,,,,,2755.33,2766.0,2755.32,2759.91,8911.881,2755.33,2759.91,-1.0,1.0,0.0019102853235170017,100.5771679702542,,,,
2024-02-17 18:00:00,2024-02-17,,,,,,,,,,,,2768.48,2771.88,2765.09,2771.58,3161.8203,2768.48,2771.58,1.0,1.0,0.0022283987521332484,100.8012940058522,,,,
2024-02-17 19:00:00,2024-02-17,,,,,,,,,,,,2769.31,2776.74,2767.74,2773.67,2919.0198,2769.31,2773.67,1.0,1.0,-0.0012459174911061037,100.67570391052418,,,,
2024-02-17 20:00:00,2024-02-17,,,,,,,,,,,,2774.32,2777.14,2771.49,2776.66,2119.2667,2774.32,2776.66,1.0,1.0,-0.0009220058622692023,100.5828803213306,,,,
2024-02-17 21:00:00,2024-02-17,,,,,,,,,,,,2779.33,2794.53,2775.0,2791.01,5884.3264,2779.33,2791.01,1.0,1.0,0.0031680796352453536,100.90153489613094,,,,
2024-02-17 22:00:00,2024-02-17,,,,,,,,,,,,2786.12,2788.12,2781.21,2785.1,3834.442,2786.12,2785.1,1.0,0.0,0.0021175130150018484,101.11519520950716,,,,
2024-02-17 23:00:00,2024-02-17,,,,,,,,,,,,2785.54,2786.31,2780.53,2785.2,3205.1113,2785.54,2785.2,-1.0,0.0,-3.590535348817244e-05,101.11156463268014,,,,
2024-02-18 00:00:00,2024-02-17,,,,,,,,,,,,2785.92,2791.67,2784.09,2785.32,3134.3031,2785.92,2785.32,-1.0,0.0,-4.3084877208224045e-05,101.10720825333361,,,,
2024-02-18 00:00:00,2024-02-18,,,,,,,,,,,,2785.92,2791.67,2784.09,2785.32,3134.3031,2785.92,2785.32,,0.0,0.0,100.0,,,,
2024-02-18 01:00:00,2024-02-18,,,,,,,,,,,,2788.46,2797.4,2788.46,2793.19,6341.9857,2788.46,2793.19,-1.0,1.0,0.0008255281260321581,100.08255281260321,,,,
2024-02-18 02:00:00,2024-02-18,,,,,,,,,,,,2779.66,2781.48,2764.25,2777.21,16277.6396,2779.66,2777.21,1.0,0.0,0.005721057285755719,100.6551308305488,,,,
2024-02-18 03:00:00,2024-02-18,,,,,,,,,,,,2771.62,2776.49,2768.8,2774.8,2833.2905,2771.62,2774.8,-1.0,1.0,-0.002867777373695131,100.36647432380663,,,,
2024-02-18 04:00:00,2024-02-18,,,,,,,,,,,,2781.69,2796.46,2781.68,2795.6,5546.792,2781.69,2795.6,1.0,1.0,0.005496035750324249,100.91809205482427,,,,
2024-02-18 05:00:00,2024-02-18,,,,,,,,,,,,2796.6,2804.82,2794.71,2796.86,8835.1474,2796.6,2796.86,1.0,1.0,-0.0015492917441693311,100.76174048796642,,,,
2024-02-18 06:00:00,2024-02-18,,,,,,,,,,,,2802.88,2806.99,2790.64,2790.64,6785.8472,2802.88,2790.64,1.0,0.0,0.0022239225417075774,100.9858267939793,,,,
2024-02-18 07:00:00,2024-02-18,,,,,,,,,,,,2787.56,2804.78,2782.82,2800.58,6238.2583,2787.56,2800.58,-1.0,1.0,0.0015619069460769052,101.14355725830413,,,,
2024-02-18 08:00:00,2024-02-18,,,,,,,,,,,,2801.0,2804.51,2796.66,2802.05,4396.8731,2801.0,2802.05,1.0,1.0,-0.0014751087274777887,100.99435951426426,,,,
2024-02-18 09:00:00,2024-02-18,,,,,,,,,,,,2805.51,2822.51,2805.27,2815.01,12481.5644,2805.51,2815.01,1.0,1.0,0.0026251851323138547,101.25948840530864,,,,
2024-02-18 10:00:00,2024-02-18,,,,,,,,,,,,2819.78,2822.93,2809.7,2809.71,5423.9023,2819.78,2809.71,1.0,0.0,0.001882764182010075,101.45013614316683,,,,
2024-02-18 11:00:00,2024-02-18,,,,,,,,,,,,2810.01,2810.29,2798.01,2803.6,6702.2235,2810.01,2803.6,-1.0,0.0,0.002174601649280576,101.67074977654349,,,,
2024-02-18 12:00:00,2024-02-18,,,,,,,,,,,,2803.4,2807.99,2800.69,2804.86,4147.762,2803.4,2804.86,-1.0,1.0,-0.0015505778285061285,101.51310136613239,,,,
2024-02-18 13:00:00,2024-02-18,,,,,,,,,,,,2792.41,2797.84,2787.08,2794.82,5247.201,2792.41,2794.82,1.0,1.0,-0.005579501294182228,100.9467088856836,,,,
2024-02-18 14:00:00,2024-02-18,,,,,,,,,,,,2787.21,2801.88,2787.21,2796.28,6931.7571,2787.21,2796.28,1.0,1.0,-0.0014776049978173778,100.7975495241209,,,,
2024-02-18 15:00:00,2024-02-18,,,,,,,,,,,,2809.85,2810.0,2801.12,2803.82,4782.4309,2809.85,2803.82,1.0,0.0,-0.0026964395554093163,100.52575502449572,,,,
2024-02-18 16:00:00,2024-02-18,,,,,,,,,,,,2807.49,2807.96,2794.6,2797.2,5069.4843,2807.49,2797.2,-1.0,0.0,0.002361064547652968,100.76310282081012,,,,
2024-02-18 17:00:00,2024-02-18,,,,,,,,,,,,2805.32,2820.99,2805.0,2819.2,10513.3034,2805.32,2819.2,-1.0,1.0,0.005865007865007866,101.35407921135675,,,,
2024-02-18 18:00:00,2024-02-18,,,,,,,,,,,,2812.0,2819.94,2806.99,2814.59,7071.9932,2812.0,2814.59,1.0,1.0,-0.003635215664018045,100.98563527499552,,,,
2024-02-18 19:00:00,2024-02-18,,,,,,,,,,,,2834.44,2840.95,2822.29,2840.85,7465.7963,2834.44,2840.85,1.0,1.0,0.007329955695145567,101.72585550740736,,,,
2024-02-18 20:00:00,2024-02-18,,,,,,,,,,,,2827.86,2832.91,2817.09,2821.11,7023.2954,2827.86,2821.11,1.0,0.0,0.006948624531390176,102.43271028246276,,,,
2024-02-18 21:00:00,2024-02-18,,,,,,,,,,,,2827.51,2830.37,2823.21,2826.83,2893.9608,2827.51,2826.83,-1.0,0.0,-0.002027570707983666,102.22502071955468,,,,
2024-02-18 22:00:00,2024-02-18,,,,,,,,,,,,2847.12,2885.83,2844.26,2885.1,30921.1755,2847.12,2885.1,-1.0,1.0,0.018613195699776777,104.12775503562148,,,,
2024-02-18 23:00:00,2024-02-18,,,,,,,,,,,,2879.99,2892.03,2876.01,2879.25,18992.9296,2879.99,2879.25,1.0,0.0,0.0020276593532286263,104.33889065205018,,,,
2024-02-19 00:00:00,2024-02-18,,,,,,,,,,,,2881.2,2884.81,2873.16,2880.75,5907.112,2881.2,2880.75,-1.0,0.0,-0.0005209690023443605,104.28453332428147,,,,
2024-02-19 00:00:00,2024-02-19,,,,,,,,,,,,2881.2,2884.81,2873.16,2880.75,5907.112,2881.2,2880.75,,1.0,-0.002,99.8,,,,
2024-02-19 01:00:00,2024-02-19,,,,,,,,,,,,2871.75,2872.59,2861.7,2864.5,5684.9825,2871.75,2864.5,-1.0,0.0,0.005640892128785906,100.36296103445284,,,,
2024-02-19 02:00:00,2024-02-19,,,,,,,,,,,,2867.32,2887.0,2867.31,2886.96,9737.3812,2867.32,2886.96,-1.0,1.0,0.005840809914470252,100.94916201230846,,,,
2024-02-19 03:00:00,2024-02-19,,,,,,,,,,,,2882.8,2888.71,2877.29,2880.41,6868.0777,2882.8,2880.41,1.0,0.0,0.002268822567683716,101.17819774927075,,,,
2024-02-19 04:00:00,2024-02-19,,,,,,,,,,,,2886.79,2895.66,2880.84,2892.56,7760.6484,2886.79,2892.56,-1.0,1.0,0.0022181494995504427,101.40262611797371,,,,
2024-02-19 05:00:00,2024-02-19,,,,,,,,,,,,2896.21,2899.15,2882.89,2894.27,7506.0024,2896.21,2894.27,1.0,0.0,-0.000591171833946413,101.34267974152455,,,,
2024-02-19 06:00:00,2024-02-19,,,,,,,,,,,,2907.01,2931.0,2905.15,2924.72,23818.145,2907.01,2924.72,-1.0,1.0,0.00852078762520422,102.20619919297118,,,,
2024-02-19 07:00:00,2024-02-19,,,,,,,,,,,,2921.65,2930.0,2918.11,2927.92,7987.0806,2921.65,2927.92,1.0,1.0,-0.0009058781695340844,102.1136128283312,,,,
2024-02-19 08:00:00,2024-02-19,,,,,,,,,,,,2926.38,2928.36,2916.0,2918.08,8376.7989,2926.38,2918.08,1.0,0.0,0.003360747561408831,102.45679090363066,,,,
2024-02-19 09:00:00,2024-02-19,,,,,,,,,,,,2906.69,2920.72,2905.07,2914.05,7127.9653,2906.69,2914.05,-1.0,1.0,-0.0033810450707313527,102.110379875783,,,,
2024-02-19 10:00:00,2024-02-19,,,,,,,,,,,,2907.87,2918.26,2892.25,2900.89,11833.2145,2907.87,2900.89,1.0,0.0,0.004516051543384743,102.57151561441663,,,,
2024-02-19 11:00:00,2024-02-19,,,,,,,,,,,,2911.0,2916.6,2905.57,2914.99,5794.4445,2911.0,2914.99,-1.0,1.0,0.002860577271113317,102.86492936064687,,,,
2024-02-19 12:00:00,2024-02-19,,,,,,,,,,,,2913.2,2913.26,2905.57,2907.81,5535.9172,2913.2,2907.81,1.0,0.0,0.0024631302337228727,103.11829907814483,,,,
2024-02-19 13:00:00,2024-02-19,,,,,,,,,,,,2906.11,2912.63,2900.6,2905.18,8000.8149,2906.11,2905.18,-1.0,0.0,0.0009044607453719841,103.21156553179054,,,,
2024-02-19 14:00:00,2024-02-19,,,,,,,,,,,,2894.06,2900.96,2886.03,2896.87,8685.6865,2894.06,2896.87,-1.0,1.0,-0.004860407960952487,102.70991521701747,,,,
2024-02-19 15:00:00,2024-02-19,,,,,,,,,,,,2900.79,2919.79,2899.57,2913.92,8218.6707,2900.79,2913.92,1.0,1.0,0.0038856628015755566,103.1090113139292,,,,
2024-02-19 16:00:00,2024-02-19,,,,,,,,,,,,2908.93,2919.47,2907.12,2916.21,9005.1131,2908.93,2916.21,1.0,1.0,-0.0012141170656709988,102.98382490366849,,,,
2024-02-19 17:00:00,2024-02-19,,,,,,,,,,,,2897.42,2942.5,2887.29,2939.99,19851.4462,2897.42,2939.99,1.0,1.0,0.006154419606269694,103.61763057478429,,,,
2024-02-19 18:00:00,2024-02-19,,,,,,,,,,,,2942.56,2953.84,2937.53,2939.12,14724.6795,2942.56,2939.12,1.0,0.0,0.0002959193738753842,103.64829303914642,,,,
2024-02-19 19:00:00,2024-02-19,,,,,,,,,,,,2932.65,2933.0,2920.03,2926.37,10461.2189,2932.65,2926.37,-1.0,0.0,0.004338033152780424,104.09792277057934,,,,
2024-02-19 20:00:00,2024-02-19,,,,,,,,,,,,2934.04,2938.0,2927.0,2936.56,6604.3617,2934.04,2936.56,-1.0,1.0,0.0014821297375246655,104.25220939753217,,,,
2024-02-19 21:00:00,2024-02-19,,,,,,,,,,,,2934.17,2950.56,2932.61,2942.93,5669.9477,2934.17,2942.93,1.0,1.0,0.00016920478382866045,104.26984937008694,,,,
2024-02-19 22:00:00,2024-02-19,,,,,,,,,,,,2967.84,2984.52,2962.44,2974.99,15455.5372,2967.84,2974.99,1.0,1.0,0.008893905053806902,105.19721551035923,,,,
2024-02-19 23:00:00,2024-02-19,,,,,,,,,,,,2961.52,2963.43,2950.89,2953.58,11835.1392,2961.52,2953.58,1.0,0.0,0.0071966628459254845,105.95428440271746,,,,
2024-02-20 00:00:00,2024-02-19,,,,,,,,,,,,2944.8,2954.8,2940.72,2950.58,10673.0595,2944.8,2950.58,-1.0,1.0,-0.0030157165202906303,105.6347563168486,,,,
2024-02-20 00:00:00,2024-02-20,,,,,,,,,,,,2944.8,2954.8,2940.72,2950.58,10673.0595,2944.8,2950.58,,1.0,-0.002,99.8,,,,
2024-02-20 01:00:00,2024-02-20,,,,,,,,,,,,2934.99,2944.7,2903.31,2915.21,17664.8818,2934.99,2915.21,1.0,0.0,0.011987473649248586,100.99634987019502,,,,
2024-02-20 02:00:00,2024-02-20,,,,,,,,,,,,2921.6,2926.78,2917.28,2921.64,5683.6007,2921.6,2921.64,-1.0,1.0,0.0002056730046891427,101.01712209293545,,,,
2024-02-20 03:00:00,2024-02-20,,,,,,,,,,,,2926.81,2930.89,2913.76,2918.0,5148.405,2926.81,2918.0,1.0,0.0,0.0012458756041127152,101.1429768609487,,,,
2024-02-20 04:00:00,2024-02-20,,,,,,,,,,,,2907.0,2921.93,2902.38,2917.32,9762.5403,2907.0,2917.32,-1.0,1.0,-0.0022330363262508006,100.91712091947306,,,,
2024-02-20 05:00:00,2024-02-20,,,,,,,,,,,,2924.42,2935.2,2922.61,2931.32,5551.7093,2924.42,2931.32,1.0,1.0,0.0027989250407908627,101.1995803762591,,,,
2024-02-20 06:00:00,2024-02-20,,,,,,,,,,,,2928.1,2933.63,2926.0,2932.28,3638.7763,2928.1,2932.28,1.0,1.0,-0.001672502490345634,101.03032382605788,,,,
2024-02-20 07:00:00,2024-02-20,,,,,,,,,,,,2930.8,2931.72,2926.6,2929.27,2473.6201,2930.8,2929.27,1.0,0.0,0.001026504972240106,101.13403195581236,,,,
2024-02-20 08:00:00,2024-02-20,,,,,,,,,,,,2921.78,2923.95,2904.36,2911.48,8773.5928,2921.78,2911.48,-1.0,0.0,0.006073185469417283,101.74823768915,,,,
2024-02-20 09:00:00,2024-02-20,,,,,,,,,,,,2916.51,2920.99,2890.0,2895.0,14796.4353,2916.51,2895.0,-1.0,0.0,0.005660351436382877,102.3241684725032,,,,
2024-02-20 10:00:00,2024-02-20,,,,,,,,,,,,2900.44,2917.73,2900.25,2916.2,10875.9996,2900.44,2916.2,-1.0,1.0,0.005322970639032753,102.86883701694578,,,,
2024-02-20 11:00:00,2024-02-20,,,,,,,,,,,,2919.61,2941.0,2919.6,2935.85,13962.3877,2919.61,2935.85,1.0,1.0,0.0047382209724984884,103.35625229791599,,,,
2024-02-20 12:00:00,2024-02-20,,,,,,,,,,,,2935.3,2954.45,2932.4,2947.4,12012.1799,2935.3,2947.4,1.0,1.0,0.0019341246998314564,103.5561561783674,,,,
2024-02-20 13:00:00,2024-02-20,,,,,,,,,,,,2930.81,2971.54,2926.84,2967.93,26665.7843,2930.81,2967.93,1.0,1.0,0.004965461084345439,104.0703602419155,,,,
2024-02-20 14:00:00,2024-02-20,,,,,,,,,,,,2997.61,3004.6,2954.44,2967.12,42555.7619,2997.61,2967.12,1.0,0.0,0.0002729174879461259,104.09876286320237,,,,
2024-02-20 15:00:00,2024-02-20,,,,,,,,,,,,2939.0,2940.34,2906.79,2911.4,22776.0453,2939.0,2911.4,-1.0,0.0,0.018779152848553412,106.05364944235576,,,,
2024-02-20 16:00:00,2024-02-20,,,,,,,,,,,,2925.08,2934.54,2919.71,2933.34,9983.1552,2925.08,2933.34,-1.0,1.0,0.005535893384625972,106.64075113871914,,,,
2024-02-20 17:00:00,2024-02-20,,,,,,,,,,,,2897.15,2913.68,2885.47,2900.39,21352.0255,2897.15,2900.39,1.0,1.0,-0.01323292901607051,105.22958164868001,,,,
2024-02-20 18:00:00,2024-02-20,,,,,,,,,,,,2917.29,2921.2,2908.41,2916.51,11608.8754,2917.29,2916.51,1.0,0.0,-0.005557873251528362,104.64472897156529,,,,
2024-02-20 19:00:00,2024-02-20,,,,,,,,,,,,2930.59,2953.59,2927.1,2953.25,11595.5067,2930.59,2953.25,-1.0,1.0,0.010597248080753977,105.75367512482023,,,,
2024-02-20 20:00:00,2024-02-20,,,,,,,,,,,,2985.98,2988.08,2966.23,2967.18,14498.2151,2985.98,2967.18,1.0,0.0,-0.004716837382544599,105.25485223665001,,,,
2024-02-20 21:00:00,2024-02-20,,,,,,,,,,,,2977.46,2994.56,2970.0,2993.54,11265.8293,2977.46,2993.54,-1.0,1.0,0.006883856051874214,105.9794114882084,,,,
2024-02-20 22:00:00,2024-02-20,,,,,,,,,,,,2988.02,2994.87,2983.34,2988.51,5835.4204,2988.02,2988.51,1.0,1.0,-0.003680284880108415,105.58937706250555,,,,
2024-02-20 23:00:00,2024-02-20,,,,,,,,,,,,2995.05,3033.09,2994.64,3012.0,21905.6835,2995.05,3012.0,1.0,1.0,0.005860104199082412,106.20814181440804,,,,
2024-02-21 00:00:00,2024-02-20,,,,,,,,,,,,3014.81,3017.15,3004.39,3008.01,5930.79,3014.81,3008.01,1.0,0.0,0.001324701195219051,106.34883586681158,,,,
2024-02-21 00:00:00,2024-02-21,,,,,,,,,,,,3014.81,3017.15,3004.39,3008.01,5930.79,3014.81,3008.01,,0.0,0.0,100.0,,,,
2024-02-21 01:00:00,2024-02-21,,,,,,,,,,,,3003.53,3004.82,2992.5,2995.26,6566.2917,3003.53,2995.26,-1.0,0.0,0.004238682717145222,100.42386827171453,,,,
2024-02-21 02:00:00,2024-02-21,,,,,,,,,,,,3000.45,3005.0,2992.41,3002.1,7868.9745,3000.45,3002.1,-1.0,1.0,0.00028360810079915925,100.45234929426996,,,,
2024-02-21 03:00:00,2024-02-21,,,,,,,,,,,,3010.11,3011.09,3000.41,3006.0,7071.698,3010.11,3006.0,1.0,0.0,-0.0012990906365544423,100.32185258788189,,,,
2024-02-21 04:00:00,2024-02-21,,,,,,,,,,,,3005.15,3010.0,3003.33,3003.34,5587.9859,3005.15,3003.34,-1.0,0.0,0.0008848968729207766,100.4106270815225,,,,
2024-02-21 05:00:00,2024-02-21,,,,,,,,,,,,2997.55,3008.97,2996.12,2998.79,6494.751,2997.55,2998.79,-1.0,1.0,-0.003514979988945701,100.05768573665348,,,,
2024-02-21 06:00:00,2024-02-21,,,,,,,,,,,,2976.27,2980.4,2966.49,2974.4,8782.2551,2976.27,2974.4,1.0,0.0,0.008133280423103942,100.8714829532365,,,,
2024-02-21 07:00:00,2024-02-21,,,,,,,,,,,,2951.05,2951.06,2921.9,2941.71,16055.6419,2951.05,2941.71,-1.0,0.0,0.010990451855836489,101.98010613026088,,,,
2024-02-21 08:00:00,2024-02-21,,,,,,,,,,,,2940.54,2956.84,2934.6,2955.8,11456.3889,2940.54,2955.8,-1.0,1.0,0.002789731142770751,102.26460320827553,,,,
2024-02-21 09:00:00,2024-02-21,,,,,,,,,,,,2941.53,2941.63,2904.99,2907.37,20767.0026,2941.53,2907.37,1.0,0.0,0.01638473509709733,103.94018164165291,,,,
2024-02-21 10:00:00,2024-02-21,,,,,,,,,,,,2900.2,2919.65,2888.45,2919.1,20656.931,2900.2,2919.1,-1.0,1.0,0.0020345742028018516,104.15165565385556,,,,
2024-02-21 11:00:00,2024-02-21,,,,,,,,,,,,2916.16,2926.36,2906.6,2911.13,7991.472,2916.16,2911.13,1.0,0.0,0.002730293583638724,104.43602025101262,,,,
2024-02-21 12:00:00,2024-02-21,,,,,,,,,,,,2899.11,2923.6,2880.0,2919.61,20862.1606,2899.11,2919.61,-1.0,1.0,0.0009129581983628411,104.53136597190517,,,,
2024-02-21 13:00:00,2024-02-21,,,,,,,,,,,,2921.2,2928.31,2905.8,2908.0,10370.9595,2921.2,2908.0,1.0,0.0,0.0039765585129521155,104.94704106513126,,,,
2024-02-21 14:00:00,2024-02-21,,,,,,,,,,,,2907.64,2911.35,2881.75,2883.02,20161.1579,2907.64,2883.02,-1.0,0.0,0.008590096286107296,105.8485462528228,,,,
2024-02-21 15:00:00,2024-02-21,,,,,,,,,,,,2892.22,2915.33,2878.19,2910.0,25777.2408,2892.22,2910.0,-1.0,1.0,0.007358242398595923,106.62740551369005,,,,
2024-02-21 16:00:00,2024-02-21,,,,,,,,,,,,2914.81,2926.2,2907.21,2908.2,13750.3206,2914.81,2908.2,1.0,0.0,0.0006185567010309903,106.69336060988411,,,,
2024-02-21 17:00:00,2024-02-21,,,,,,,,,,,,2931.46,2935.0,2911.88,2915.71,11936.1327,2931.46,2915.71,-1.0,0.0,-0.0025823533457121997,106.41784065314788,,,,
2024-02-21 18:00:00,2024-02-21,,,,,,,,,,,,2898.05,2908.52,2886.0,2889.46,10456.1106,2898.05,2889.46,-1.0,0.0,0.009002952968573692,107.37591546756535,,,,
2024-02-21 19:00:00,2024-02-21,,,,,,,,,,,,2900.3,2915.0,2890.0,2905.17,10728.7296,2900.3,2905.17,-1.0,1.0,0.00343700206959087,107.74496671125158,,,,
2024-02-21 20:00:00,2024-02-21,,,,,,,,,,,,2912.99,2916.85,2904.62,2904.82,5835.9625,2912.99,2904.82,1.0,0.0,0.00012047487754586101,107.7579472729223,,,,
2024-02-21 21:00:00,2024-02-21,,,,,,,,,,,,2906.19,2924.69,2899.84,2924.69,15892.7607,2906.19,2924.69,-1.0,1.0,0.004840354996178727,108.27953399138275,,,,
2024-02-21 22:00:00,2024-02-21,,,,,,,,,,,,2927.98,2928.04,2913.2,2922.35,6099.0594,2927.98,2922.35,1.0,0.0,0.0008000847953116896,108.3661668001727,,,,
2024-02-21 23:00:00,2024-02-21,,,,,,,,,,,,2934.19,2956.25,2932.26,2951.49,11133.2942,2934.19,2951.49,-1.0,1.0,0.007971427104898413,109.22999979945756,,,,
2024-02-22 00:00:00,2024-02-21,,,,,,,,,,,,2967.91,2968.59,2950.0,2954.11,9020.7577,2967.91,2954.11,1.0,0.0,-0.0008876872359385754,109.13303772285401,,,,
2024-02-22 00:00:00,2024-02-22,,,,,,,,,,,,2967.91,2968.59,2950.0,2954.11,9020.7577,2967.91,2954.11,,0.0,0.0,100.0,,,,
2024-02-22 01:00:00,2024-02-22,,,,,,,,,,,,2940.99,2950.17,2934.99,2940.99,5659.0128,2940.99,2940.99,-1.0,0.0,0.0044412699594802985,100.44412699594803,,,,
2024-02-23 00:00:00,2024-02-23,,,,,,,,,,,,2971.4,2984.2,2970.2,2982.25,4889.9066,2971.4,2982.25,,0.0,0.0,100.0,,,,
2024-02-23 01:00:00,2024-02-23,,,,,,,,,,,,2989.7,2993.44,2975.24,2980.93,4621.3223,2989.7,2980.93,1.0,0.0,0.0004426188280661124,100.04426188280662,,,,
2024-02-23 02:00:00,2024-02-23,,,,,,,,,,,,2979.41,2991.47,2975.59,2975.73,7030.152,2979.41,2975.73,-1.0,0.0,0.0017444220427852443,100.21878129848918,,,,
2024-02-23 03:00:00,2024-02-23,,,,,,,,,,,,2945.09,2952.39,2932.81,2946.87,15102.1188,2945.09,2946.87,-1.0,1.0,-0.011698460545815692,99.04637583951907,,,,
2024-02-23 04:00:00,2024-02-23,,,,,,,,,,,,2955.95,2961.4,2947.51,2960.09,7739.8625,2955.95,2960.09,1.0,1.0,0.0024861157770788176,99.29261659715618,,,,
2024-02-23 05:00:00,2024-02-23,,,,,,,,,,,,2952.6,2962.0,2948.91,2957.29,7227.9088,2952.6,2957.29,1.0,1.0,-0.002945917184950519,99.00010877158391,,,,
2024-02-23 06:00:00,2024-02-23,,,,,,,,,,,,2959.41,2964.66,2956.91,2957.01,3871.6474,2959.41,2957.01,1.0,0.0,9.468127914399512e-05,99.00948222851781,,,,
2024-02-23 07:00:00,2024-02-23,,,,,,,,,,,,2964.73,2964.83,2939.67,2943.0,10110.2688,2964.73,2943.0,-1.0,0.0,0.004737894021325669,99.47857866242285,,,,
2024-02-23 08:00:00,2024-02-23,,,,,,,,,,,,2933.61,2946.47,2931.84,2933.22,10350.0946,2933.61,2933.22,-1.0,0.0,0.0033231396534149507,99.80915987184132,,,,
2024-02-23 09:00:00,2024-02-23,,,,,,,,,,,,2924.15,2937.77,2916.92,2930.01,9862.5028,2924.15,2930.01,-1.0,1.0,-0.0030943604639268726,99.50031435359612,,,,
2024-02-23 10:00:00,2024-02-23,,,,,,,,,,,,2939.02,2946.24,2932.4,2942.31,6654.6429,2939.02,2942.31,1.0,1.0,0.0021979378909968653,99.71900986468,,,,
2024-02-23 11:00:00,2024-02-23,,,,,,,,,,,,2941.66,2948.65,2938.71,2939.15,4500.3083,2941.66,2939.15,1.0,0.0,0.0010739860857624977,99.82610669376068,,,,
2024-02-23 12:00:00,2024-02-23,,,,,,,,,,,,2943.63,2944.35,2926.64,2927.17,6583.0872,2943.63,2927.17,-1.0,0.0,0.004076008369766775,100.2329987401657,,,,
2024-02-23 13:00:00,2024-02-23,,,,,,,,,,,,2928.62,2938.3,2927.27,2934.06,5160.2976,2928.62,2934.06,-1.0,1.0,0.0003538093106993691,100.26846210835929,,,,
2024-02-23 14:00:00,2024-02-23,,,,,,,,,,,,2942.7,2962.77,2932.77,2951.76,13711.6641,2942.7,2951.76,1.0,1.0,0.004032596470419921,100.6728043547519,,,,
2024-02-23 15:00:00,2024-02-23,,,,,,,,,,,,2949.11,2950.0,2917.79,2919.41,19753.7399,2949.11,2919.41,1.0,0.0,0.010959563108111893,101.7761343073484,,,,
2024-02-23 16:00:00,2024-02-23,,,,,,,,,,,,2916.06,2923.0,2906.05,2922.81,26061.0897,2916.06,2922.81,-1.0,1.0,-0.0008353811215279488,101.69111244612594,,,,
2024-02-23 17:00:00,2024-02-23,,,,,,,,,,,,2934.35,2939.8,2930.65,2931.59,7472.9991,2934.35,2931.59,1.0,0.0,-0.003003958519370127,101.38563656254918,,,,
2024-02-23 18:00:00,2024-02-23,,,,,,,,,,,,2945.72,2948.7,2933.43,2946.52,6496.9556,2945.72,2946.52,-1.0,1.0,0.0030927994705943996,101.69920200563571,,,,
2024-02-23 19:00:00,2024-02-23,,,,,,,,,,,,2945.33,2951.7,2938.87,2947.26,4937.6705,2945.33,2947.26,1.0,1.0,-0.0017488562779142051,101.5213447177493,,,,
2024-02-23 20:00:00,2024-02-23,,,,,,,,,,,,2946.0,2948.63,2938.41,2940.15,4111.6764,2946.0,2940.15,1.0,0.0,0.0024124101708027546,101.76625584229997,,,,
2024-02-23 21:00:00,2024-02-23,,,,,,,,,,,,2951.41,2953.69,2944.3,2945.9,3608.5221,2951.41,2945.9,-1.0,0.0,-0.0019556825332040883,101.56723335327959,,,,
2024-02-23 22:00:00,2024-02-23,,,,,,,,,,,,2943.21,2947.61,2936.37,2940.35,11814.3339,2943.21,2940.35,-1.0,0.0,0.0018839743372144953,101.75858341441906,,,,
2024-02-23 23:00:00,2024-02-23,,,,,,,,,,,,2922.91,2924.35,2906.87,2924.0,8392.4447,2922.91,2924.0,-1.0,1.0,-0.007560562518067546,100.98923128276437,,,,
2024-02-24 00:00:00,2024-02-23,,,,,,,,,,,,2922.25,2932.63,2917.17,2931.61,4666.5839,2922.25,2931.61,1.0,1.0,0.0006025991792066097,101.05008731064406,,,,
2024-02-24 00:00:00,2024-02-24,,,,,,,,,,,,2922.25,2932.63,2917.17,2931.61,4666.5839,2922.25,2931.61,,1.0,-0.002,99.8,,,,
2024-02-24 01:00:00,2024-02-24,,,,,,,,,,,,2933.72,2933.99,2916.61,2916.65,4411.1319,2933.72,2916.65,1.0,0.0,0.005102998011331669,100.3092792015309,,,,
2024-02-24 02:00:00,2024-02-24,,,,,,,,,,,,2909.8,2924.18,2909.27,2922.7,4206.7173,2909.8,2922.7,-1.0,1.0,7.429756741457721e-05,100.31673193696469,,,,
2024-02-24 03:00:00,2024-02-24,,,,,,,,,,,,2924.0,2927.8,2918.51,2925.64,3238.5059,2924.0,2925.64,1.0,1.0,-0.000994080815684109,100.21700899825403,,,,
2024-02-24 04:00:00,2024-02-24,,,,,,,,,,,,2930.2,2942.11,2929.5,2937.37,20996.4715,2930.2,2937.37,1.0,1.0,0.002009379144392345,100.4183829660485,,,,
2024-02-24 05:00:00,2024-02-24,,,,,,,,,,,,2947.0,2952.89,2943.2,2951.6,9599.6137,2947.0,2951.6,1.0,1.0,0.002844469712702185,100.70402001499394,,,,
2024-02-24 06:00:00,2024-02-24,,,,,,,,,,,,2948.77,2952.09,2945.2,2946.96,2702.7129,2948.77,2946.96,1.0,0.0,0.001572028730180198,100.86232962770214,,,,
2024-02-24 07:00:00,2024-02-24,,,,,,,,,,,,2948.19,2954.79,2945.48,2953.71,6276.4625,2948.19,2953.71,-1.0,1.0,0.00029049596872709506,100.89162972785542,,,,
2024-02-24 08:00:00,2024-02-24,,,,,,,,,,,,2964.07,2965.38,2950.63,2957.44,4933.1578,2964.07,2957.44,1.0,0.0,-0.0012628186247126557,100.76422189875747,,,,
2024-02-24 09:00:00,2024-02-24,,,,,,,,,,,,2950.75,2961.38,2950.03,2958.28,3228.8676,2950.75,2958.28,-1.0,1.0,-0.0017159705691408293,100.59131345955683,,,,
2024-02-24 10:00:00,2024-02-24,,,,,,,,,,,,2959.29,2966.53,2955.6,2960.66,4052.833,2959.29,2960.66,1.0,1.0,-0.0011954784536961835,100.47105871168694,,,,
2024-02-24 11:00:00,2024-02-24,,,,,,,,,,,,2959.08,2962.15,2951.91,2961.14,4272.7851,2959.08,2961.14,1.0,1.0,-0.0018378739875568224,100.28640556637842,,,,
2024-02-24 12:00:00,2024-02-24,,,,,,,,,,,,2961.53,2962.49,2956.25,2956.26,3266.752,2961.53,2956.26,1.0,0.0,0.0016480139405768233,100.45167896080216,,,,
2024-02-24 13:00:00,2024-02-24,,,,,,,,,,,,2957.3,2964.2,2954.57,2963.83,3110.6703,2957.3,2963.83,-1.0,1.0,0.0005606678708908242,100.50799898977255,,,,
2024-02-24 14:00:00,2024-02-24,,,,,,,,,,,,2966.68,2968.9,2956.89,2961.22,4540.4374,2966.68,2961.22,1.0,0.0,0.0008806173093598915,100.59650807341205,,,,
2024-02-24 15:00:00,2024-02-24,,,,,,,,,,,,2960.54,2961.8,2957.38,2958.47,2237.2114,2960.54,2958.47,-1.0,0.0,0.0009286712908868642,100.6899291624233,,,,
2024-02-24 16:00:00,2024-02-24,,,,,,,,,,,,2955.47,2963.48,2955.47,2962.33,2945.9423,2955.47,2962.33,-1.0,1.0,-0.0006952715423850411,100.61992232007191,,,,
2024-02-24 17:00:00,2024-02-24,,,,,,,,,,,,2963.14,2982.8,2962.73,2976.91,7270.4121,2963.14,2976.91,1.0,1.0,0.0029218014198282866,100.9139137519697,,,,
2024-02-24 18:00:00,2024-02-24,,,,,,,,,,,,2993.81,3004.2,2993.6,2996.72,7988.8681,2993.81,2996.72,1.0,1.0,0.004654551195702909,101.383622729887,,,,
2024-02-24 19:00:00,2024-02-24,,,,,,,,,,,,2981.85,2987.04,2979.02,2981.24,3358.4344,2981.85,2981.24,1.0,0.0,0.0051656477749005645,101.90733481505299,,,,
2024-02-24 20:00:00,2024-02-24,,,,,,,,,,,,2987.1,2988.63,2979.04,2988.2,4337.4989,2987.1,2988.2,-1.0,1.0,0.00033459902590869455,101.94143291001505,,,,
2024-02-24 21:00:00,2024-02-24,,,,,,,,,,,,2988.34,2988.77,2981.67,2984.4,2338.0713,2988.34,2984.4,1.0,0.0,0.0012716685630144325,102.07106862551538,,,,
2024-02-24 22:00:00,2024-02-24,,,,,,,,,,,,2985.45,2995.9,2985.23,2993.57,2948.7482,2985.45,2993.57,-1.0,1.0,0.0010726444176384106,102.18055458747892,,,,
2024-02-24 23:00:00,2024-02-24,,,,,,,,,,,,2988.37,2990.82,2983.9,2986.56,2581.4482,2988.37,2986.56,1.0,0.0,0.002341685679640101,102.41982932889411,,,,
2024-02-25 00:00:00,2024-02-24,,,,,,,,,,,,2992.62,2994.24,2983.61,2985.72,3362.7916,2992.62,2985.72,-1.0,0.0,0.0002812600450016559,102.44863593470022,,,,
2024-02-25 00:00:00,2024-02-25,,,,,,,,,,,,2992.62,2994.24,2983.61,2985.72,3362.7916,2992.62,2985.72,,1.0,-0.002,99.8,,,,
2024-02-25 01:00:00,2024-02-25,,,,,,,,,,,,2994.71,3000.86,2987.69,2997.17,6222.3914,2994.71,2997.17,-1.0,1.0,0.0018349208901036512,99.98312510483234,,,,
2024-02-25 02:00:00,2024-02-25,,,,,,,,,,,,3017.08,3046.18,3012.73,3045.32,24678.5269,3017.08,3045.32,1.0,1.0,0.01406515479602428,101.38940323642205,,,,
2024-02-25 03:00:00,2024-02-25,,,,,,,,,,,,3031.01,3031.01,3010.4,3024.26,9710.3691,3031.01,3024.26,1.0,0.0,0.006915529402492987,102.09056463560474,,,,
2024-02-25 04:00:00,2024-02-25,,,,,,,,,,,,3025.18,3025.98,3013.44,3013.75,4700.0956,3025.18,3013.75,-1.0,0.0,0.0034752303042728527,102.44535285960671,,,,
2024-02-25 05:00:00,2024-02-25,,,,,,,,,,,,3022.73,3030.36,3018.19,3022.39,11604.2712,3022.73,3022.39,-1.0,0.0,-0.002866860223973413,102.15165635236258,,,,
2024-02-25 06:00:00,2024-02-25,,,,,,,,,,,,3033.36,3048.0,3030.0,3045.72,15385.1964,3033.36,3045.72,-1.0,1.0,0.005719056772951184,102.73586747449275,,,,
2024-02-25 07:00:00,2024-02-25,,,,,,,,,,,,3035.21,3038.21,3030.67,3034.34,4537.0079,3035.21,3034.34,1.0,0.0,0.0037363907384788016,103.11972881823404,,,,
2024-02-25 08:00:00,2024-02-25,,,,,,,,,,,,3030.0,3038.58,3027.52,3033.0,3677.7712,3030.0,3033.0,-1.0,1.0,-0.0024416116849134066,102.86795048340633,,,,
2024-02-25 09:00:00,2024-02-25,,,,,,,,,,,,3018.59,3019.99,3010.49,3017.47,5792.2584,3018.59,3017.47,1.0,0.0,0.005120342894823673,103.39466966276912,,,,
2024-02-25 10:00:00,2024-02-25,,,,,,,,,,,,3020.29,3031.01,3020.06,3022.31,15160.7908,3020.29,3022.31,-1.0,1.0,-0.00039600725110766773,103.35372462385676,,,,
2024-02-25 11:00:00,2024-02-25,,,,,,,,,,,,3025.59,3034.91,3023.44,3032.67,5198.0788,3025.59,3032.67,1.0,1.0,0.0014278416178354065,103.50129737323302,,,,
2024-02-25 12:00:00,2024-02-25,,,,,,,,,,,,3040.36,3045.49,3025.84,3034.41,7198.222,3040.36,3034.41,1.0,0.0,-0.0005737518424358013,103.44191331317063,,,,
2024-02-25 13:00:00,2024-02-25,,,,,,,,,,,,3043.5,3049.69,3030.0,3037.19,7046.5205,3043.5,3037.19,-1.0,0.0,-0.0009161583306145841,103.34714414255406,,,,
2024-02-25 14:00:00,2024-02-25,,,,,,,,,,,,3037.99,3048.0,3036.0,3042.5,4883.3558,3037.99,3042.5,-1.0,1.0,-0.0002516734218142608,103.32113441315296,,,,
2024-02-25 15:00:00,2024-02-25,,,,,,,,,,,,3067.6,3070.78,3058.19,3060.22,7822.2229,3067.6,3060.22,1.0,0.0,-0.005824157764995826,102.71937582587243,,,,
2024-02-25 16:00:00,2024-02-25,,,,,,,,,,,,3043.61,3053.0,3031.0,3041.33,9060.2779,3043.61,3041.33,-1.0,0.0,0.006172758821261175,103.35343775911603,,,,
2024-02-25 17:00:00,2024-02-25,,,,,,,,,,,,3040.23,3054.78,3040.23,3048.35,6031.7844,3040.23,3048.35,-1.0,1.0,0.00030820068851455853,103.38529135979373,,,,
2024-02-25 18:00:00,2024-02-25,,,,,,,,,,,,3062.51,3063.41,3051.16,3056.33,5131.8591,3062.51,3056.33,1.0,0.0,-0.0026178096347204286,103.11464834798367,,,,
2024-02-25 19:00:00,2024-02-25,,,,,,,,,,,,3065.55,3086.63,3061.12,3077.15,11132.1204,3065.55,3077.15,-1.0,1.0,0.004812091626231515,103.6108454838408,,,,
2024-02-25 20:00:00,2024-02-25,,,,,,,,,,,,3081.6,3122.0,3081.42,3109.34,30390.6177,3081.6,3109.34,1.0,1.0,0.008460978502835434,104.48749462014018,,,,
2024-02-25 21:00:00,2024-02-25,,,,,,,,,,,,3098.61,3101.46,3087.0,3091.22,7145.9968,3098.61,3091.22,1.0,0.0,0.005827603285584833,105.09640628709103,,,,
2024-02-25 22:00:00,2024-02-25,,,,,,,,,,,,3109.43,3113.62,3103.47,3109.41,7015.3667,3109.43,3109.41,-1.0,0.0,-0.0058844080977737126,104.47797614288837,,,,
2024-02-25 23:00:00,2024-02-25,,,,,,,,,,,,3102.4,3110.81,3099.0,3108.65,7712.088,3102.4,3108.65,-1.0,1.0,-0.002244419359299598,104.24348375061281,,,,
2024-02-26 00:00:00,2024-02-25,,,,,,,,,,,,3112.6,3122.95,3102.51,3120.72,10013.8545,3112.6,3120.72,1.0,1.0,0.0018827143615394813,104.43974445456699,,,,
2024-02-26 00:00:00,2024-02-26,,,,,,,,,,,,3112.6,3122.95,3102.51,3120.72,10013.8545,3112.6,3120.72,,1.0,-0.002,99.8,,,,
2024-02-26 01:00:00,2024-02-26,,,,,,,,,,,,3115.64,3122.68,3108.07,3117.66,7443.5752,3115.64,3117.66,1.0,1.0,-0.0029805429516265303,99.50254181342767,,,,
2024-02-26 02:00:00,2024-02-26,,,,,,,,,,,,3107.42,3110.23,3100.0,3100.26,8189.2052,3107.42,3100.26,1.0,0.0,0.0055811089086044135,100.05787633597136,,,,
2024-02-26 03:00:00,2024-02-26,,,,,,,,,,,,3093.77,3098.74,3085.81,3098.06,8648.6048,3093.77,3098.06,-1.0,1.0,-0.002709617903014674,99.78675772291378,,,,
2024-02-26 04:00:00,2024-02-26,,,,,,,,,,,,3107.81,3108.49,3097.8,3100.17,5578.4921,3107.81,3100.17,1.0,0.0,-0.000681071380154073,99.71879581811034,,,,
2024-02-26 05:00:00,2024-02-26,,,,,,,,,,,,3103.39,3110.0,3096.26,3098.3,4848.0105,3103.39,3098.3,-1.0,0.0,0.0006031927281406796,99.77894547060677,,,,
2024-02-26 06:00:00,2024-02-26,,,,,,,,,,,,3106.59,3110.27,3099.34,3103.91,12031.6901,3106.59,3103.91,-1.0,0.0,-0.0018106703676208477,99.5982786907307,,,,
2024-02-26 07:00:00,2024-02-26,,,,,,,,,,,,3113.29,3113.7,3101.4,3102.19,4553.7743,3113.29,3102.19,-1.0,0.0,0.0005541397785373287,99.65347005882708,,,,
2024-02-26 08:00:00,2024-02-26,,,,,,,,,,,,3087.19,3102.84,3086.59,3102.68,5533.2356,3087.19,3102.68,-1.0,1.0,-0.0018420470699732185,99.46990367629255,,,,
2024-02-26 09:00:00,2024-02-26,,,,,,,,,,,,3092.66,3094.7,3051.0,3056.93,36915.7798,3092.66,3056.93,1.0,0.0,0.014745316951796513,100.93661893316417,,,,
2024-02-26 10:00:00,2024-02-26,,,,,,,,,,,,3040.71,3066.72,3040.16,3063.74,13161.8765,3040.71,3063.74,-1.0,1.0,0.00022772520142755846,100.95960474504213,,,,
2024-02-26 11:00:00,2024-02-26,,,,,,,,,,,,3056.26,3065.0,3045.79,3063.81,11386.1241,3056.26,3063.81,1.0,1.0,-0.001977152108207562,100.75999224967667,,,,
2024-02-26 12:00:00,2024-02-26,,,,,,,,,,,,3057.41,3059.44,3038.0,3051.8,10410.5494,3057.41,3051.8,1.0,0.0,0.003919955871937151,101.15496697295212,,,,
2024-02-26 13:00:00,2024-02-26,,,,,,,,,,,,3063.47,3077.56,3059.41,3072.79,11986.5516,3063.47,3072.79,-1.0,1.0,0.00487790811979808,101.64839160770738,,,,
2024-02-26 14:00:00,2024-02-26,,,,,,,,,,,,3061.08,3077.77,3060.0,3073.58,6141.8775,3061.08,3073.58,1.0,1.0,-0.0017429046566800974,101.47122815263026,,,,
2024-02-26 15:00:00,2024-02-26,,,,,,,,,,,,3103.52,3124.15,3098.95,3120.83,21249.991,3103.52,3120.83,1.0,1.0,0.013372952713122808,102.82819808845787,,,,
2024-02-26 16:00:00,2024-02-26,,,,,,,,,,,,3145.59,3166.62,3134.85,3159.98,41108.8598,3145.59,3159.98,1.0,1.0,0.010544739700656586,103.91249467118821,,,,
2024-02-26 17:00:00,2024-02-26,,,,,,,,,,,,3153.56,3162.66,3147.78,3148.01,7618.8291,3153.56,3148.01,1.0,0.0,0.0037879986582192923,104.30611506157487,,,,
2024-02-26 18:00:00,2024-02-26,,,,,,,,,,,,3149.25,3153.94,3141.53,3143.9,9056.2284,3149.25,3143.9,-1.0,0.0,0.0013055867039812857,104.44229573854322,,,,
2024-02-26 19:00:00,2024-02-26,,,,,,,,,,,,3136.05,3171.69,3127.57,3164.36,23050.6207,3136.05,3164.36,-1.0,1.0,0.004507840580171137,104.91310495755965,,,,
2024-02-26 20:00:00,2024-02-26,,,,,,,,,,,,3179.11,3196.0,3166.12,3177.99,19437.803,3179.11,3177.99,1.0,0.0,-0.004307348089344971,104.46120769537346,,,,
2024-02-26 21:00:00,2024-02-26,,,,,,,,,,,,3182.02,3186.1,3175.0,3182.34,6157.3793,3182.02,3182.34,-1.0,1.0,-0.0006312102932984798,104.39527070582575,,,,
2024-02-26 22:00:00,2024-02-26,,,,,,,,,,,,3184.97,3190.35,3165.51,3175.25,6548.6842,3184.97,3175.25,1.0,0.0,0.0022279203353507623,104.62785505234571,,,,
2024-02-26 23:00:00,2024-02-26,,,,,,,,,,,,3184.99,3184.99,3170.12,3170.91,5060.0089,3184.99,3170.91,-1.0,0.0,0.0013668215101173594,104.77086265518871,,,,
2024-02-27 00:00:00,2024-02-26,,,,,,,,,,,,3175.95,3179.01,3169.86,3173.79,6355.8654,3175.95,3173.79,-1.0,0.0,-0.0009082566203393062,104.67570382556349,,,,
2024-02-27 00:00:00,2024-02-27,,,,,,,,,,,,3175.95,3179.01,3169.86,3173.79,6355.8654,3175.95,3173.79,,1.0,-0.002,99.8,,,,
2024-02-27 01:00:00,2024-02-27,,,,,,,,,,,,3167.61,3181.94,3165.8,3181.71,9859.3262,3167.61,3181.71,-1.0,1.0,0.0004954392067528326,99.84944483283394,,,,
2024-02-27 02:00:00,2024-02-27,,,,,,,,,,,,3221.61,3270.0,3212.43,3233.17,54278.6312,3221.61,3233.17,1.0,1.0,0.014173692762696801,101.26468018642036,,,,
2024-02-27 03:00:00,2024-02-27,,,,,,,,,,,,3239.95,3244.72,3231.0,3236.79,15190.4327,3239.95,3236.79,1.0,0.0,-0.0011196441882115357,101.15129977577854,,,,
2024-02-27 04:00:00,2024-02-27,,,,,,,,,,,,3216.55,3227.81,3206.55,3225.72,18224.616,3216.55,3225.72,-1.0,1.0,-0.005420055054544831,100.60305416215508,,,,
2024-02-27 05:00:00,2024-02-27,,,,,,,,,,,,3211.62,3218.6,3207.47,3218.59,8869.2017,3211.62,3218.59,1.0,1.0,-0.0042103592376274614,100.17947916372991,,,,
2024-02-27 06:00:00,2024-02-27,,,,,,,,,,,,3221.5,3231.5,3220.9,3229.65,8669.1577,3221.5,3229.65,1.0,1.0,0.0014362873183598858,100.3233656792127,,,,
2024-02-27 07:00:00,2024-02-27,,,,,,,,,,,,3231.0,3233.08,3215.27,3224.11,24006.3914,3231.0,3224.11,1.0,0.0,0.0017153561531435182,100.4954559818346,,,,
2024-02-27 08:00:00,2024-02-27,,,,,,,,,,,,3217.51,3232.4,3216.61,3229.83,11954.7919,3217.51,3229.83,-1.0,1.0,-0.0002258669834466567,100.47275737634189,,,,
2024-02-27 09:00:00,2024-02-27,,,,,,,,,,,,3219.98,3253.52,3219.98,3241.12,11132.7562,3219.98,3241.12,1.0,1.0,0.0014955400129418464,100.62301840520882,,,,
2024-02-27 10:00:00,2024-02-27,,,,,,,,,,,,3258.43,3259.16,3247.07,3254.39,9254.2327,3258.43,3254.39,1.0,0.0,-0.004094263711309666,100.21104123242992,,,,
2024-02-27 11:00:00,2024-02-27,,,,,,,,,,,,3260.2,3264.66,3251.0,3255.86,12065.5067,3260.2,3255.86,-1.0,0.0,-0.0004516975531513601,100.16577615030648,,,,
2024-02-27 12:00:00,2024-02-27,,,,,,,,,,,,3254.9,3274.28,3248.71,3266.06,12868.8963,3254.9,3266.06,-1.0,1.0,0.0011328128359326928,100.27924522725071,,,,
2024-02-27 13:00:00,2024-02-27,,,,,,,,,,,,3257.09,3280.55,3240.14,3251.75,20253.3479,3257.09,3251.75,1.0,0.0,0.004381425938286481,100.71861131336118,,,,
2024-02-27 14:00:00,2024-02-27,,,,,,,,,,,,3267.46,3269.64,3250.47,3258.01,10276.4591,3267.46,3258.01,-1.0,0.0,-0.0019251172445606884,100.52471617787361,,,,
2024-02-27 15:00:00,2024-02-27,,,,,,,,,,,,3253.75,3262.71,3248.06,3259.77,12073.6594,3253.75,3259.77,-1.0,1.0,-0.0014597929410898789,100.3779709067921,,,,
2024-02-27 16:00:00,2024-02-27,,,,,,,,,,,,3229.77,3252.43,3203.72,3244.03,26705.1384,3229.77,3244.03,1.0,1.0,-0.006828561524279253,99.69253375677276,,,,
2024-02-27 17:00:00,2024-02-27,,,,,,,,,,,,3237.38,3245.9,3234.34,3239.6,5990.7357,3237.38,3239.6,1.0,1.0,-0.003365585398408859,99.3570100208306,,,,
2024-02-27 18:00:00,2024-02-27,,,,,,,,,,,,3225.54,3239.97,3220.78,3237.06,7035.9851,3225.54,3237.06,1.0,1.0,-0.002784047413260885,99.08039539409276,,,,
2024-02-27 19:00:00,2024-02-27,,,,,,,,,,,,3235.6,3248.25,3232.14,3244.01,6927.7649,3235.6,3244.01,1.0,1.0,0.0001470099411194953,99.09496119718575,,,,
2024-02-27 20:00:00,2024-02-27,,,,,,,,,,,,3250.72,3255.82,3237.64,3247.62,8500.7557,3250.72,3247.62,1.0,0.0,-0.0011128202440805275,98.98468631827916,,,,
2024-02-27 21:00:00,2024-02-27,,,,,,,,,,,,3252.55,3254.36,3241.81,3250.47,6095.0426,3252.55,3250.47,-1.0,0.0,-0.0008775657250540116,98.89782075026102,,,,
2024-02-27 22:00:00,2024-02-27,,,,,,,,,,,,3247.99,3268.34,3243.68,3263.67,6853.4149,3247.99,3263.67,-1.0,1.0,0.0020609511855209477,99.1016443311817,,,,
2024-02-27 23:00:00,2024-02-27,,,,,,,,,,,,3247.65,3249.95,3239.13,3246.0,4099.6409,3247.65,3246.0,1.0,0.0,0.005414150327698594,99.63819553131283,,,,
2024-02-28 00:00:00,2024-02-27,,,,,,,,,,,,3242.35,3244.71,3236.0,3243.09,3723.8018,3242.35,3243.09,-1.0,1.0,-0.0028964879852125245,99.34959469508814,,,,
2024-02-28 00:00:00,2024-02-28,,,,,,,,,,,,3242.35,3244.71,3236.0,3243.09,3723.8018,3242.35,3243.09,,0.0,0.0,100.0,,,,
2024-02-28 01:00:00,2024-02-28,,,,,,,,,,,,3254.62,3258.39,3239.34,3247.42,3861.1403,3254.62,3247.42,1.0,0.0,-0.0013351464190016087,99.86648535809984,,,,
2024-02-28 02:00:00,2024-02-28,,,,,,,,,,,,3235.0,3242.6,3230.12,3242.59,4024.2037,3235.0,3242.59,-1.0,1.0,-0.003487334560974536,99.5182175122275,,,,
2024-02-28 03:00:00,2024-02-28,,,,,,,,,,,,3243.91,3246.51,3232.15,3244.13,4072.1206,3243.91,3244.13,1.0,1.0,-0.0015250710080522165,99.36644516392657,,,,
2024-02-28 04:00:00,2024-02-28,,,,,,,,,,,,3248.83,3266.19,3244.16,3266.18,6191.6231,3248.83,3266.18,1.0,1.0,0.004796891616550424,99.84309523169982,,,,
2024-02-28 05:00:00,2024-02-28,,,,,,,,,,,,3267.33,3267.8,3255.09,3261.09,9714.7628,3267.33,3261.09,1.0,0.0,0.0015583954344217683,99.99869025546745,,,,
2024-02-28 06:00:00,2024-02-28,,,,,,,,,,,,3251.85,3260.75,3250.6,3256.38,15821.7017,3251.85,3256.38,-1.0,1.0,-0.0034443023651601263,99.65426453010762,,,,
2024-02-28 07:00:00,2024-02-28,,,,,,,,,,,,3258.94,3274.25,3258.74,3272.66,8278.0029,3258.94,3272.66,1.0,1.0,0.0029994165300117753,99.95316917842541,,,,
2024-02-28 08:00:00,2024-02-28,,,,,,,,,,,,3303.0,3315.46,3282.8,3303.12,25605.262,3303.0,3303.12,1.0,1.0,0.007307413541278359,100.68356832037351,,,,
2024-02-28 09:00:00,2024-02-28,,,,,,,,,,,,3330.83,3330.83,3302.82,3313.9,22789.277,3330.83,3313.9,1.0,0.0,-0.0032635810990821407,100.35497932981498,,,,
2024-02-28 10:00:00,2024-02-28,,,,,,,,,,,,3359.58,3369.8,3335.16,3343.16,15361.5776,3359.58,3343.16,-1.0,0.0,-0.008829475844171448,99.46889746398006,,,,
2024-02-28 11:00:00,2024-02-28,,,,,,,,,,,,3344.74,3350.95,3338.27,3350.49,9833.6557,3344.74,3350.49,-1.0,1.0,0.00019253640268486341,99.48804884767681,,,,
2024-02-28 12:00:00,2024-02-28,,,,,,,,,,,,3296.13,3312.04,3287.07,3304.96,18314.6028,3296.13,3304.96,1.0,1.0,-0.015589057122987906,97.93712397113576,,,,
2024-02-28 13:00:00,2024-02-28,,,,,,,,,,,,3313.22,3358.82,3311.62,3338.99,27195.1041,3313.22,3338.99,1.0,1.0,0.008296645042602557,98.74967352521764,,,,
2024-02-28 14:00:00,2024-02-28,,,,,,,,,,,,3354.72,3365.98,3319.16,3336.81,26723.26,3354.72,3336.81,1.0,0.0,0.0006528920422043302,98.81414640123253,,,,
2024-02-28 15:00:00,2024-02-28,,,,,,,,,,,,3355.4,3376.38,3334.41,3362.61,25497.1196,3355.4,3362.61,-1.0,1.0,0.005731935591178456,99.38054272390168,,,,
2024-02-28 16:00:00,2024-02-28,,,,,,,,,,,,3348.38,3386.8,3347.5,3380.43,20872.0309,3348.38,3380.43,1.0,1.0,0.0032994548877210584,99.70844434133643,,,,
2024-02-28 17:00:00,2024-02-28,,,,,,,,,,,,3423.38,3488.0,3410.34,3423.69,80427.5794,3423.38,3423.69,1.0,1.0,0.010797188523353603,100.78501521226015,,,,
2024-02-28 18:00:00,2024-02-28,,,,,,,,,,,,3342.02,3360.0,3204.57,3270.57,66987.5482,3342.02,3270.57,1.0,0.0,0.04472367533275498,105.29249151102005,,,,
2024-02-28 19:00:00,2024-02-28,,,,,,,,,,,,3318.34,3331.88,3301.0,3323.58,20380.0226,3318.34,3323.58,-1.0,1.0,0.014208183894550417,106.78850659312403,,,,
2024-02-28 20:00:00,2024-02-28,,,,,,,,,,,,3299.13,3302.42,3253.46,3259.88,20235.0196,3299.13,3259.88,1.0,0.0,0.01916607994993345,108.83522364822183,,,,
2024-02-28 21:00:00,2024-02-28,,,,,,,,,,,,3299.13,3318.87,3273.65,3318.46,14165.1456,3299.13,3318.46,-1.0,1.0,0.015969986625274525,110.57332071424268,,,,
2024-02-28 22:00:00,2024-02-28,,,,,,,,,,,,3322.79,3345.0,3319.37,3342.81,9504.1495,3322.79,3342.81,1.0,1.0,0.005337741000343506,111.16353246176323,,,,
2024-02-28 23:00:00,2024-02-28,,,,,,,,,,,,3340.33,3374.06,3339.2,3371.17,12280.8794,3340.33,3371.17,1.0,1.0,0.006483880328226889,111.88430350310827,,,,
2024-02-29 00:00:00,2024-02-28,,,,,,,,,,,,3383.11,3431.57,3374.18,3426.12,29008.3749,3383.11,3426.12,1.0,1.0,0.014299978939062643,113.4842466868144,,,,
2024-02-17 01:00:00,2024-02-17,,,,,,,,,,,,2796.15,2797.36,2787.93,2790.81,3804.5143,2796.15,2790.81,,0.0,0.0,100.0,,,,
2024-02-17 02:00:00,2024-02-17,,,,,,,,,,,,2786.72,2794.46,2785.66,2790.03,3772.5146,2786.72,2790.03,-1.0,0.0,0.000279488750577698,100.02794887505777,,,,
2024-02-17 03:00:00,2024-02-17,,,,,,,,,,,,2788.79,2792.32,2785.45,2787.16,3008.6703,2788.79,2787.16,-1.0,1.0,-0.0009713372257644738,99.93078800469856,,,,
2024-02-17 04:00:00,2024-02-17,,,,,,,,,,,,2793.39,2794.37,2788.63,2788.63,3204.7169,2793.39,2788.63,-1.0,0.0,-0.0005274185909672407,99.87808264929487,,,,
2024-02-17 05:00:00,2024-02-17,,,,,,,,,,,,2793.32,2794.8,2778.99,2782.0,5904.6181,2793.32,2782.0,-1.0,0.0,0.002377511537923679,100.11554394317925,,,,
2024-02-17 06:00:00,2024-02-17,,,,,,,,,,,,2785.15,2788.7,2783.0,2787.66,2386.436,2785.15,2787.66,-1.0,0.0,-0.0020345075485261876,99.91185811330206,,,,
2024-02-17 07:00:00,2024-02-17,,,,,,,,,,,,2787.09,2792.71,2786.0,2792.27,1909.8705,2787.09,2792.27,-1.0,1.0,-0.0036537167373353018,99.54680848505521,,,,
2024-02-17 08:00:00,2024-02-17,,,,,,,,,,,,2795.56,2795.57,2781.47,2783.03,7728.1356,2795.56,2783.03,-1.0,1.0,0.001309135577863094,99.67712875370573,,,,
2024-02-17 09:00:00,2024-02-17,,,,,,,,,,,,2774.99,2780.0,2768.06,2776.41,5441.6842,2774.99,2776.41,-1.0,0.0,0.0023787023495975054,99.91423097407332,,,,
2024-02-17 10:00:00,2024-02-17,,,,,,,,,,,,2775.38,2778.51,2765.22,2768.82,6987.6402,2775.38,2768.82,-1.0,1.0,0.0007337460965778438,99.98754265104313,,,,
2024-02-17 11:00:00,2024-02-17,,,,,,,,,,,,2780.01,2783.36,2778.2,2780.06,3133.2555,2780.01,2780.06,-1.0,0.0,-0.004059491046727408,99.58164411686694,,,,
2024-02-17 12:00:00,2024-02-17,,,,,,,,,,,,2780.58,2782.8,2776.69,2776.95,2909.6359,2780.58,2776.95,-1.0,1.0,-0.0008813191082206401,99.49388091107872,,,,
2024-02-17 13:00:00,2024-02-17,,,,,,,,,,,,2782.99,2783.2,2756.0,2759.78,9257.6862,2782.99,2759.78,-1.0,0.0,0.006183042546678773,100.10905580988609,,,,
2024-02-17 14:00:00,2024-02-17,,,,,,,,,,,,2743.6,2754.73,2742.22,2745.9,5895.9344,2743.6,2745.9,-1.0,0.0,0.0050293864003652855,100.61254293372974,,,,
2024-02-17 15:00:00,2024-02-17,,,,,,,,,,,,2739.99,2748.2,2731.01,2746.4,8038.0136,2739.99,2746.4,-1.0,1.0,-0.0021820896609490515,100.39299734403227,,,,
2024-02-17 16:00:00,2024-02-17,,,,,,,,,,,,2754.33,2754.34,2742.73,2749.16,4421.1478,2754.33,2749.16,-1.0,1.0,-0.003004951937081184,100.09132121219393,,,,
2024-02-17 17:00:00,2024-02-17,,,,,,,,,,,,2755.33,2766.0,2755.32,2759.91,8911.881,2755.33,2759.91,-1.0,0.0,-0.003910285323517002,99.69993558784645,,,,
2024-02-17 18:00:00,2024-02-17,,,,,,,,,,,,2768.48,2771.88,2765.09,2771.58,3161.8203,2768.48,2771.58,-1.0,1.0,-0.0062283987521332485,99.07896463344336,,,,
2024-02-17 19:00:00,2024-02-17,,,,,,,,,,,,2769.31,2776.74,2767.74,2773.67,2919.0198,2769.31,2773.67,-1.0,1.0,-0.0027540825088938964,98.80609298994708,,,,
2024-02-17 20:00:00,2024-02-17,,,,,,,,,,,,2774.32,2777.14,2771.49,2776.66,2119.2667,2774.32,2776.66,-1.0,1.0,-0.003077994137730798,98.50196841495193,,,,
2024-02-17 21:00:00,2024-02-17,,,,,,,,,,,,2779.33,2794.53,2775.0,2791.01,5884.3264,2779.33,2791.01,-1.0,1.0,-0.007168079635245354,97.79589846112515,,,,
2024-02-17 22:00:00,2024-02-17,,,,,,,,,,,,2786.12,2788.12,2781.21,2785.1,3834.442,2786.12,2785.1,-1.0,1.0,0.00011751301500184837,97.80739075200813,,,,
2024-02-17 23:00:00,2024-02-17,,,,,,,,,,,,2785.54,2786.31,2780.53,2785.2,3205.1113,2785.54,2785.2,-1.0,0.0,-3.590535348817244e-05,97.80387894306944,,,,
2024-02-18 00:00:00,2024-02-17,,,,,,,,,,,,2785.92,2791.67,2784.09,2785.32,3134.3031,2785.92,2785.32,-1.0,0.0,-4.3084877208224045e-05,97.79966507495467,,,,
2024-02-18 01:00:00,2024-02-18,,,,,,,,,,,,2788.46,2797.4,2788.46,2793.19,6341.9857,2788.46,2793.19,,0.0,0.0,100.0,,,,
2024-02-18 02:00:00,2024-02-18,,,,,,,,,,,,2779.66,2781.48,2764.25,2777.21,16277.6396,2779.66,2777.21,-1.0,1.0,0.0037210572857557193,100.37210572857558,,,,
2024-02-18 03:00:00,2024-02-18,,,,,,,,,,,,2771.62,2776.49,2768.8,2774.8,2833.2905,2771.62,2774.8,-1.0,0.0,0.0008677773736951309,100.45920637087697,,,,
2024-02-18 04:00:00,2024-02-18,,,,,,,,,,,,2781.69,2796.46,2781.68,2795.6,5546.792,2781.69,2795.6,-1.0,1.0,-0.009496035750324249,99.50524215572993,,,,
2024-02-18 05:00:00,2024-02-18,,,,,,,,,,,,2796.6,2804.82,2794.71,2796.86,8835.1474,2796.6,2796.86,-1.0,1.0,-0.002450708255830669,99.26138383728045,,,,
2024-02-18 06:00:00,2024-02-18,,,,,,,,,,,,2802.88,2806.99,2790.64,2790.64,6785.8472,2802.88,2790.64,-1.0,1.0,0.00022392254170757733,99.2836106986427,,,,
2024-02-18 07:00:00,2024-02-18,,,,,,,,,,,,2787.56,2804.78,2782.82,2800.58,6238.2583,2787.56,2800.58,-1.0,0.0,-0.0035619069460769053,98.9299717160636,,,,
2024-02-18 08:00:00,2024-02-18,,,,,,,,,,,,2801.0,2804.51,2796.66,2802.05,4396.8731,2801.0,2802.05,-1.0,1.0,-0.0025248912725222114,98.68018429388684,,,,
2024-02-18 09:00:00,2024-02-18,,,,,,,,,,,,2805.51,2822.51,2805.27,2815.01,12481.5644,2805.51,2815.01,-1.0,1.0,-0.006625185132313855,98.026409804049,,,,
2024-02-18 10:00:00,2024-02-18,,,,,,,,,,,,2819.78,2822.93,2809.7,2809.71,5423.9023,2819.78,2809.71,-1.0,1.0,-0.00011723581798992497,98.014917597711,,,,
2024-02-18 11:00:00,2024-02-18,,,,,,,,,,,,2810.01,2810.29,2798.01,2803.6,6702.2235,2810.01,2803.6,-1.0,0.0,0.002174601649280576,98.22806099917308,,,,
2024-02-18 12:00:00,2024-02-18,,,,,,,,,,,,2803.4,2807.99,2800.69,2804.86,4147.762,2803.4,2804.86,-1.0,0.0,-0.00044942217149387156,98.1839151306972,,,,
2024-02-18 13:00:00,2024-02-18,,,,,,,,,,,,2792.41,2797.84,2787.08,2794.82,5247.201,2792.41,2794.82,-1.0,1.0,0.0015795012941822277,98.338996751714,,,,
2024-02-18 14:00:00,2024-02-18,,,,,,,,,,,,2787.21,2801.88,2787.21,2796.28,6931.7571,2787.21,2796.28,-1.0,1.0,-0.0025223950021826223,98.09094695778782,,,,
2024-02-18 15:00:00,2024-02-18,,,,,,,,,,,,2809.85,2810.0,2801.12,2803.82,4782.4309,2809.85,2803.82,-1.0,1.0,-0.004696439555409316,97.63026875446772,,,,
2024-02-18 16:00:00,2024-02-18,,,,,,,,,,,,2807.49,2807.96,2794.6,2797.2,5069.4843,2807.49,2797.2,-1.0,0.0,0.002361064547652968,97.86078012080173,,,,
2024-02-18 17:00:00,2024-02-18,,,,,,,,,,,,2805.32,2820.99,2805.0,2819.2,10513.3034,2805.32,2819.2,-1.0,0.0,-0.007865007865007866,97.09110431547583,,,,
2024-02-18 18:00:00,2024-02-18,,,,,,,,,,,,2812.0,2819.94,2806.99,2814.59,7071.9932,2812.0,2814.59,-1.0,1.0,-0.00036478433598195487,97.05568700145835,,,,
2024-02-18 19:00:00,2024-02-18,,,,,,,,,,,,2834.44,2840.95,2822.29,2840.85,7465.7963,2834.44,2840.85,-1.0,1.0,-0.011329955695145567,95.95605036776992,,,,
2024-02-18 20:00:00,2024-02-18,,,,,,,,,,,,2827.86,2832.91,2817.09,2821.11,7023.2954,2827.86,2821.11,-1.0,1.0,0.004948624531390176,96.43090083255517,,,,
2024-02-18 21:00:00,2024-02-18,,,,,,,,,,,,2827.51,2830.37,2823.21,2826.83,2893.9608,2827.51,2826.83,-1.0,0.0,-0.002027570707983666,96.2353803626826,,,,
2024-02-18 22:00:00,2024-02-18,,,,,,,,,,,,2847.12,2885.83,2844.26,2885.1,30921.1755,2847.12,2885.1,-1.0,0.0,-0.020613195699776776,94.25166163402416,,,,
2024-02-18 23:00:00,2024-02-18,,,,,,,,,,,,2879.99,2892.03,2876.01,2879.25,18992.9296,2879.99,2879.25,-1.0,1.0,2.7659353228626227e-05,94.25426857402569,,,,
2024-02-19 00:00:00,2024-02-18,,,,,,,,,,,,2881.2,2884.81,2873.16,2880.75,5907.112,2881.2,2880.75,-1.0,0.0,-0.0005209690023443605,94.20516502175998,,,,
2024-02-19 01:00:00,2024-02-19,,,,,,,,,,,,2871.75,2872.59,2861.7,2864.5,5684.9825,2871.75,2864.5,,0.0,0.0,100.0,,,,
2024-02-19 02:00:00,2024-02-19,,,,,,,,,,,,2867.32,2887.0,2867.31,2886.96,9737.3812,2867.32,2886.96,-1.0,0.0,-0.007840809914470252,99.21591900855297,,,,
2024-02-19 03:00:00,2024-02-19,,,,,,,,,,,,2882.8,2888.71,2877.29,2880.41,6868.0777,2882.8,2880.41,-1.0,1.0,0.00026882256768371617,99.24259048665596,,,,
2024-02-19 04:00:00,2024-02-19,,,,,,,,,,,,2886.79,2895.66,2880.84,2892.56,7760.6484,2886.79,2892.56,-1.0,0.0,-0.004218149499550443,98.82397040326057,,,,
2024-02-19 05:00:00,2024-02-19,,,,,,,,,,,,2896.21,2899.15,2882.89,2894.27,7506.0024,2896.21,2894.27,-1.0,1.0,-0.002591171833946413,98.5679005146329,,,,
2024-02-19 06:00:00,2024-02-19,,,,,,,,,,,,2907.01,2931.0,2905.15,2924.72,23818.145,2907.01,2924.72,-1.0,0.0,-0.01052078762520422,97.53088856665617,,,,
2024-02-19 07:00:00,2024-02-19,,,,,,,,,,,,2921.65,2930.0,2918.11,2927.92,7987.0806,2921.65,2927.92,-1.0,1.0,-0.0030941218304659157,97.22911611519734,,,,
2024-02-19 08:00:00,2024-02-19,,,,,,,,,,,,2926.38,2928.36,2916.0,2918.08,8376.7989,2926.38,2918.08,-1.0,1.0,0.0013607475614088311,97.36142039784903,,,,
2024-02-19 09:00:00,2024-02-19,,,,,,,,,,,,2906.69,2920.72,2905.07,2914.05,7127.9653,2906.69,2914.05,-1.0,0.0,0.0013810450707313526,97.49588090756889,,,,
2024-02-19 10:00:00,2024-02-19,,,,,,,,,,,,2907.87,2918.26,2892.25,2900.89,11833.2145,2907.87,2900.89,-1.0,1.0,0.0025160515433847426,97.74118556920001,,,,
2024-02-19 11:00:00,2024-02-19,,,,,,,,,,,,2911.0,2916.6,2905.57,2914.99,5794.4445,2911.0,2914.99,-1.0,0.0,-0.004860577271113317,97.26610698417069,,,,
2024-02-19 12:00:00,2024-02-19,,,,,,,,,,,,2913.2,2913.26,2905.57,2907.81,5535.9172,2913.2,2907.81,-1.0,1.0,0.0004631302337228726,97.31115385903159,,,,
2024-02-19 13:00:00,2024-02-19,,,,,,,,,,,,2906.11,2912.63,2900.6,2905.18,8000.8149,2906.11,2905.18,-1.0,0.0,0.0009044607453719841,97.39916797778395,,,,
2024-02-19 14:00:00,2024-02-19,,,,,,,,,,,,2894.06,2900.96,2886.03,2896.87,8685.6865,2894.06,2896.87,-1.0,0.0,0.002860407960952487,97.67776933325774,,,,
2024-02-19 15:00:00,2024-02-19,,,,,,,,,,,,2900.79,2919.79,2899.57,2913.92,8218.6707,2900.79,2913.92,-1.0,1.0,-0.007885662801575558,96.90751538108559,,,,
2024-02-19 16:00:00,2024-02-19,,,,,,,,,,,,2908.93,2919.47,2907.12,2916.21,9005.1131,2908.93,2916.21,-1.0,1.0,-0.0027858829343290013,96.63754238777719,,,,
2024-02-19 17:00:00,2024-02-19,,,,,,,,,,,,2897.42,2942.5,2887.29,2939.99,19851.4462,2897.42,2939.99,-1.0,1.0,-0.010154419606269694,95.65624423265302,,,,
2024-02-19 18:00:00,2024-02-19,,,,,,,,,,,,2942.56,2953.84,2937.53,2939.12,14724.6795,2942.56,2939.12,-1.0,1.0,-0.0017040806261246159,95.4932382800883,,,,
2024-02-19 19:00:00,2024-02-19,,,,,,,,,,,,2932.65,2933.0,2920.03,2926.37,10461.2189,2932.65,2926.37,-1.0,0.0,0.004338033152780424,95.9074911136137,,,,
2024-02-19 20:00:00,2024-02-19,,,,,,,,,,,,2934.04,2938.0,2927.0,2936.56,6604.3617,2934.04,2936.56,-1.0,0.0,-0.0034821297375246655,95.57352878675559,,,,
2024-02-19 21:00:00,2024-02-19,,,,,,,,,,,,2934.17,2950.56,2932.61,2942.93,5669.9477,2934.17,2942.93,-1.0,1.0,-0.004169204783828661,95.17506317333047,,,,
2024-02-19 22:00:00,2024-02-19,,,,,,,,,,,,2967.84,2984.52,2962.44,2974.99,15455.5372,2967.84,2974.99,-1.0,1.0,-0.012893905053806902,93.94788494528346,,,,
2024-02-19 23:00:00,2024-02-19,,,,,,,,,,,,2961.52,2963.43,2950.89,2953.58,11835.1392,2961.52,2953.58,-1.0,1.0,0.0051966628459254845,94.4361004284319,,,,
2024-02-20 00:00:00,2024-02-19,,,,,,,,,,,,2944.8,2954.8,2940.72,2950.58,10673.0595,2944.8,2950.58,-1.0,0.0,0.0010157165202906303,94.53202073574889,,,,
2024-02-20 01:00:00,2024-02-20,,,,,,,,,,,,2934.99,2944.7,2903.31,2915.21,17664.8818,2934.99,2915.21,,1.0,-0.002,99.8,,,,
2024-02-20 02:00:00,2024-02-20,,,,,,,,,,,,2921.6,2926.78,2917.28,2921.64,5683.6007,2921.6,2921.64,-1.0,0.0,-0.0022056730046891427,99.57987383413203,,,,
2024-02-20 03:00:00,2024-02-20,,,,,,,,,,,,2926.81,2930.89,2913.76,2918.0,5148.405,2926.81,2918.0,-1.0,1.0,-0.0007541243958872849,99.50477822193433,,,,
2024-02-20 04:00:00,2024-02-20,,,,,,,,,,,,2907.0,2921.93,2902.38,2917.32,9762.5403,2907.0,2917.32,-1.0,0.0,0.00023303632625080065,99.52796644989557,,,,
2024-02-20 05:00:00,2024-02-20,,,,,,,,,,,,2924.42,2935.2,2922.61,2931.32,5551.7093,2924.42,2931.32,-1.0,1.0,-0.006798925040790863,98.85128326654039,,,,
2024-02-20 06:00:00,2024-02-20,,,,,,,,,,,,2928.1,2933.63,2926.0,2932.28,3638.7763,2928.1,2932.28,-1.0,1.0,-0.002327497509654366,98.62120715091139,,,,
2024-02-20 07:00:00,2024-02-20,,,,,,,,,,,,2930.8,2931.72,2926.6,2929.27,2473.6201,2930.8,2929.27,-1.0,1.0,-0.000973495027759894,98.52519989611828,,,,
2024-02-20 08:00:00,2024-02-20,,,,,,,,,,,,2921.78,2923.95,2904.36,2911.48,8773.5928,2921.78,2911.48,-1.0,0.0,0.006073185469417283,99.12356170849883,,,,
2024-02-20 09:00:00,2024-02-20,,,,,,,,,,,,2916.51,2920.99,2890.0,2895.0,14796.4353,2916.51,2895.0,-1.0,0.0,0.005660351436382877,99.68463590339492,,,,
2024-02-20 10:00:00,2024-02-20,,,,,,,,,,,,2900.44,2917.73,2900.25,2916.2,10875.9996,2900.44,2916.2,-1.0,0.0,-0.007322970639032753,98.95464824151169,,,,
2024-02-20 11:00:00,2024-02-20,,,,,,,,,,,,2919.61,2941.0,2919.6,2935.85,13962.3877,2919.61,2935.85,-1.0,1.0,-0.00873822097249849,98.0899606589215,,,,
2024-02-20 12:00:00,2024-02-20,,,,,,,,,,,,2935.3,2954.45,2932.4,2947.4,12012.1799,2935.3,2947.4,-1.0,1.0,-0.0059341246998314565,97.5078826005699,,,,
2024-02-20 13:00:00,2024-02-20,,,,,,,,,,,,2930.81,2971.54,2926.84,2967.93,26665.7843,2930.81,2967.93,-1.0,1.0,-0.008965461084345438,96.63367947369757,,,,
2024-02-20 14:00:00,2024-02-20,,,,,,,,,,,,2997.61,3004.6,2954.44,2967.12,42555.7619,2997.61,2967.12,-1.0,1.0,-0.0017270825120538741,96.46678513580312,,,,
2024-02-20 15:00:00,2024-02-20,,,,,,,,,,,,2939.0,2940.34,2906.79,2911.4,22776.0453,2939.0,2911.4,-1.0,0.0,0.018779152848553412,98.27834963867693,,,,
2024-02-20 16:00:00,2024-02-20,,,,,,,,,,,,2925.08,2934.54,2919.71,2933.34,9983.1552,2925.08,2933.34,-1.0,0.0,-0.007535893384625972,97.53773447378286,,,,
2024-02-20 17:00:00,2024-02-20,,,,,,,,,,,,2897.15,2913.68,2885.47,2900.39,21352.0255,2897.15,2900.39,-1.0,1.0,0.00923292901607051,98.43829345256762,,,,
2024-02-20 18:00:00,2024-02-20,,,,,,,,,,,,2917.29,2921.2,2908.41,2916.51,11608.8754,2917.29,2916.51,-1.0,1.0,-0.007557873251528362,97.69430930755637,,,,
2024-02-20 19:00:00,2024-02-20,,,,,,,,,,,,2930.59,2953.59,2927.1,2953.25,11595.5067,2930.59,2953.25,-1.0,0.0,-0.012597248080753977,96.46362985713117,,,,
2024-02-20 20:00:00,2024-02-20,,,,,,,,,,,,2985.98,2988.08,2966.23,2967.18,14498.2151,2985.98,2967.18,-1.0,1.0,-0.006716837382544599,95.81569934205085,,,,
2024-02-20 21:00:00,2024-02-20,,,,,,,,,,,,2977.46,2994.56,2970.0,2993.54,11265.8293,2977.46,2993.54,-1.0,0.0,-0.008883856051874214,94.96448646158639,,,,
2024-02-20 22:00:00,2024-02-20,,,,,,,,,,,,2988.02,2994.87,2983.34,2988.51,5835.4204,2988.02,2988.51,-1.0,1.0,-0.00031971511989158487,94.93412487941188,,,,
2024-02-20 23:00:00,2024-02-20,,,,,,,,,,,,2995.05,3033.09,2994.64,3012.0,21905.6835,2995.05,3012.0,-1.0,1.0,-0.009860104199082412,93.99806451605218,,,,
2024-02-21 00:00:00,2024-02-20,,,,,,,,,,,,3014.81,3017.15,3004.39,3008.01,5930.79,3014.81,3008.01,-1.0,1.0,-0.0006752988047809491,93.93458773543277,,,,
2024-02-21 01:00:00,2024-02-21,,,,,,,,,,,,3003.53,3004.82,2992.5,2995.26,6566.2917,3003.53,2995.26,,0.0,0.0,100.0,,,,
2024-02-21 02:00:00,2024-02-21,,,,,,,,,,,,3000.45,3005.0,2992.41,3002.1,7868.9745,3000.45,3002.1,-1.0,0.0,-0.0022836081007991593,99.77163918992008,,,,
2024-02-21 03:00:00,2024-02-21,,,,,,,,,,,,3010.11,3011.09,3000.41,3006.0,7071.698,3010.11,3006.0,-1.0,1.0,-0.003299090636554442,99.44248350927492,,,,
2024-02-21 04:00:00,2024-02-21,,,,,,,,,,,,3005.15,3010.0,3003.33,3003.34,5587.9859,3005.15,3003.34,-1.0,0.0,0.0008848968729207766,99.53047985196775,,,,
2024-02-21 05:00:00,2024-02-21,,,,,,,,,,,,2997.55,3008.97,2996.12,2998.79,6494.751,2997.55,2998.79,-1.0,0.0,0.001514979988945701,99.68126653723365,,,,
2024-02-21 06:00:00,2024-02-21,,,,,,,,,,,,2976.27,2980.4,2966.49,2974.4,8782.2551,2976.27,2974.4,-1.0,1.0,0.006133280423103942,100.29263969783668,,,,
2024-02-21 07:00:00,2024-02-21,,,,,,,,,,,,2951.05,2951.06,2921.9,2941.71,16055.6419,2951.05,2941.71,-1.0,0.0,0.010990451855836489,101.39490112593053,,,,
2024-02-21 08:00:00,2024-02-21,,,,,,,,,,,,2940.54,2956.84,2934.6,2955.8,11456.3889,2940.54,2955.8,-1.0,0.0,-0.004789731142770751,100.9092468102895,,,,
2024-02-21 09:00:00,2024-02-21,,,,,,,,,,,,2941.53,2941.63,2904.99,2907.37,20767.0026,2941.53,2907.37,-1.0,1.0,0.014384735097097331,102.36079959450312,,,,
2024-02-21 10:00:00,2024-02-21,,,,,,,,,,,,2900.2,2919.65,2888.45,2919.1,20656.931,2900.2,2919.1,-1.0,0.0,-0.004034574202801852,101.94781735308098,,,,
2024-02-21 11:00:00,2024-02-21,,,,,,,,,,,,2916.16,2926.36,2906.6,2911.13,7991.472,2916.16,2911.13,-1.0,1.0,0.0007302935836387241,102.02226918995989,,,,
2024-02-21 12:00:00,2024-02-21,,,,,,,,,,,,2899.11,2923.6,2880.0,2919.61,20862.1606,2899.11,2919.61,-1.0,0.0,-0.002912958198362841,101.72508258450743,,,,
2024-02-21 13:00:00,2024-02-21,,,,,,,,,,,,2921.2,2928.31,2905.8,2908.0,10370.9595,2921.2,2908.0,-1.0,1.0,0.0019765585129521155,101.92614816247058,,,,
2024-02-21 14:00:00,2024-02-21,,,,,,,,,,,,2907.64,2911.35,2881.75,2883.02,20161.1579,2907.64,2883.02,-1.0,0.0,0.008590096286107296,102.80170358925827,,,,
2024-02-21 15:00:00,2024-02-21,,,,,,,,,,,,2892.22,2915.33,2878.19,2910.0,25777.2408,2892.22,2910.0,-1.0,0.0,-0.009358242398595923,101.83966032808138,,,,
2024-02-21 16:00:00,2024-02-21,,,,,,,,,,,,2914.81,2926.2,2907.21,2908.2,13750.3206,2914.81,2908.2,-1.0,1.0,-0.0013814432989690097,101.69897461175188,,,,
2024-02-21 17:00:00,2024-02-21,,,,,,,,,,,,2931.46,2935.0,2911.88,2915.71,11936.1327,2931.46,2915.71,-1.0,0.0,-0.0025823533457121997,101.43635192440772,,,,
2024-02-21 18:00:00,2024-02-21,,,,,,,,,,,,2898.05,2908.52,2886.0,2889.46,10456.1106,2898.05,2889.46,-1.0,0.0,0.009002952968573692,102.34957863008687,,,,
2024-02-21 19:00:00,2024-02-21,,,,,,,,,,,,2900.3,2915.0,2890.0,2905.17,10728.7296,2900.3,2905.17,-1.0,0.0,-0.00543700206959087,101.79310375925333,,,,
2024-02-21 20:00:00,2024-02-21,,,,,,,,,,,,2912.99,2916.85,2904.62,2904.82,5835.9625,2912.99,2904.82,-1.0,1.0,-0.001879525122454139,101.60178106344522,,,,
2024-02-21 21:00:00,2024-02-21,,,,,,,,,,,,2906.19,2924.69,2899.84,2924.69,15892.7607,2906.19,2924.69,-1.0,0.0,-0.006840354996178727,100.90678881272721,,,,
2024-02-21 22:00:00,2024-02-21,,,,,,,,,,,,2927.98,2928.04,2913.2,2922.35,6099.0594,2927.98,2922.35,-1.0,1.0,-0.0011999152046883103,100.78570922257455,,,,
2024-02-21 23:00:00,2024-02-21,,,,,,,,,,,,2934.19,2956.25,2932.26,2951.49,11133.2942,2934.19,2951.49,-1.0,0.0,-0.009971427104898413,99.78073186984616,,,,
2024-02-22 00:00:00,2024-02-21,,,,,,,,,,,,2967.91,2968.59,2950.0,2954.11,9020.7577,2967.91,2954.11,-1.0,1.0,-0.0028876872359385754,99.492596324033,,,,
2024-02-22 01:00:00,2024-02-22,,,,,,,,,,,,2940.99,2950.17,2934.99,2940.99,5659.0128,2940.99,2940.99,,0.0,0.0,100.0,,,,
2024-02-23 01:00:00,2024-02-23,,,,,,,,,,,,2989.7,2993.44,2975.24,2980.93,4621.3223,2989.7,2980.93,,1.0,-0.002,99.8,,,,
2024-02-23 02:00:00,2024-02-23,,,,,,,,,,,,2979.41,2991.47,2975.59,2975.73,7030.152,2979.41,2975.73,-1.0,0.0,0.0017444220427852443,99.97409331986998,,,,
2024-02-23 03:00:00,2024-02-23,,,,,,,,,,,,2945.09,2952.39,2932.81,2946.87,15102.1188,2945.09,2946.87,-1.0,0.0,0.009698460545815692,100.94368811953645,,,,
2024-02-23 04:00:00,2024-02-23,,,,,,,,,,,,2955.95,2961.4,2947.51,2960.09,7739.8625,2955.95,2960.09,-1.0,1.0,-0.006486115777078818,100.2889556714278,,,,
2024-02-23 05:00:00,2024-02-23,,,,,,,,,,,,2952.6,2962.0,2948.91,2957.29,7227.9088,2952.6,2957.29,-1.0,1.0,-0.001054082815049481,100.18324280671528,,,,
2024-02-23 06:00:00,2024-02-23,,,,,,,,,,,,2959.41,2964.66,2956.91,2957.01,3871.6474,2959.41,2957.01,-1.0,1.0,-0.001905318720856005,99.9923617986796,,,,
2024-02-23 07:00:00,2024-02-23,,,,,,,,,,,,2964.73,2964.83,2939.67,2943.0,10110.2688,2964.73,2943.0,-1.0,0.0,0.004737894021325669,100.46611501182379,,,,
2024-02-23 08:00:00,2024-02-23,,,,,,,,,,,,2933.61,2946.47,2931.84,2933.22,10350.0946,2933.61,2933.22,-1.0,0.0,0.0033231396534149507,100.79997794244413,,,,
2024-02-23 09:00:00,2024-02-23,,,,,,,,,,,,2924.15,2937.77,2916.92,2930.01,9862.5028,2924.15,2930.01,-1.0,0.0,0.0010943604639268728,100.91028945306904,,,,
2024-02-23 10:00:00,2024-02-23,,,,,,,,,,,,2939.02,2946.24,2932.4,2942.31,6654.6429,2939.02,2942.31,-1.0,1.0,-0.006197937890996865,100.2848537464764,,,,
2024-02-23 11:00:00,2024-02-23,,,,,,,,,,,,2941.66,2948.65,2938.71,2939.15,4500.3083,2941.66,2939.15,-1.0,1.0,-0.0009260139142375024,100.19198857651989,,,,
2024-02-23 12:00:00,2024-02-23,,,,,,,,,,,,2943.63,2944.35,2926.64,2927.17,6583.0872,2943.63,2927.17,-1.0,0.0,0.004076008369766775,100.60037196054137,,,,
2024-02-23 13:00:00,2024-02-23,,,,,,,,,,,,2928.62,2938.3,2927.27,2934.06,5160.2976,2928.62,2934.06,-1.0,0.0,-0.002353809310699369,100.36357786836084,,,,
2024-02-23 14:00:00,2024-02-23,,,,,,,,,,,,2942.7,2962.77,2932.77,2951.76,13711.6641,2942.7,2951.76,-1.0,1.0,-0.008032596470419921,99.55739774701672,,,,
2024-02-23 15:00:00,2024-02-23,,,,,,,,,,,,2949.11,2950.0,2917.79,2919.41,19753.7399,2949.11,2919.41,-1.0,1.0,0.008959563108111893,100.44938853501051,,,,
2024-02-23 16:00:00,2024-02-23,,,,,,,,,,,,2916.06,2923.0,2906.05,2922.81,26061.0897,2916.06,2922.81,-1.0,0.0,-0.0011646188784720513,100.33240328079165,,,,
2024-02-23 17:00:00,2024-02-23,,,,,,,,,,,,2934.35,2939.8,2930.65,2931.59,7472.9991,2934.35,2931.59,-1.0,1.0,-0.005003958519370127,99.83034409662585,,,,
2024-02-23 18:00:00,2024-02-23,,,,,,,,,,,,2945.72,2948.7,2933.43,2946.52,6496.9556,2945.72,2946.52,-1.0,0.0,-0.0050927994705944,99.32192817306131,,,,
2024-02-23 19:00:00,2024-02-23,,,,,,,,,,,,2945.33,2951.7,2938.87,2947.26,4937.6705,2945.33,2947.26,-1.0,1.0,-0.002251143722085795,99.09834023798906,,,,
2024-02-23 20:00:00,2024-02-23,,,,,,,,,,,,2946.0,2948.63,2938.41,2940.15,4111.6764,2946.0,2940.15,-1.0,1.0,0.0004124101708027545,99.13920940141287,,,,
2024-02-23 21:00:00,2024-02-23,,,,,,,,,,,,2951.41,2953.69,2944.3,2945.9,3608.5221,2951.41,2945.9,-1.0,0.0,-0.0019556825332040883,98.94532458123086,,,,
2024-02-23 22:00:00,2024-02-23,,,,,,,,,,,,2943.21,2947.61,2936.37,2940.35,11814.3339,2943.21,2940.35,-1.0,0.0,0.0018839743372144953,99.13173503352927,,,,
2024-02-23 23:00:00,2024-02-23,,,,,,,,,,,,2922.91,2924.35,2906.87,2924.0,8392.4447,2922.91,2924.0,-1.0,0.0,0.005560562518067546,99.6829632437077,,,,
2024-02-24 00:00:00,2024-02-23,,,,,,,,,,,,2922.25,2932.63,2917.17,2931.61,4666.5839,2922.25,2931.61,-1.0,1.0,-0.00460259917920661,99.22416251890132,,,,
2024-02-24 01:00:00,2024-02-24,,,,,,,,,,,,2933.72,2933.99,2916.61,2916.65,4411.1319,2933.72,2916.65,,1.0,-0.002,99.8,,,,
2024-02-24 02:00:00,2024-02-24,,,,,,,,,,,,2909.8,2924.18,2909.27,2922.7,4206.7173,2909.8,2922.7,-1.0,0.0,-0.0020742975674145772,99.59298510277202,,,,
2024-02-24 03:00:00,2024-02-24,,,,,,,,,,,,2924.0,2927.8,2918.51,2925.64,3238.5059,2924.0,2925.64,-1.0,1.0,-0.003005919184315891,99.29361663822831,,,,
2024-02-24 04:00:00,2024-02-24,,,,,,,,,,,,2930.2,2942.11,2929.5,2937.37,20996.4715,2930.2,2937.37,-1.0,1.0,-0.006009379144392345,98.69692364923125,,,,
2024-02-24 05:00:00,2024-02-24,,,,,,,,,,,,2947.0,2952.89,2943.2,2951.6,9599.6137,2947.0,2951.6,-1.0,1.0,-0.006844469712702185,98.0213955445772,,,,
2024-02-24 06:00:00,2024-02-24,,,,,,,,,,,,2948.77,2952.09,2945.2,2946.96,2702.7129,2948.77,2946.96,-1.0,1.0,-0.000427971269819802,97.97944520345649,,,,
2024-02-24 07:00:00,2024-02-24,,,,,,,,,,,,2948.19,2954.79,2945.48,2953.71,6276.4625,2948.19,2953.71,-1.0,0.0,-0.002290495968727095,97.75502367919987,,,,
2024-02-24 08:00:00,2024-02-24,,,,,,,,,,,,2964.07,2965.38,2950.63,2957.44,4933.1578,2964.07,2957.44,-1.0,1.0,-0.0032628186247126555,97.43606676728014,,,,
2024-02-24 09:00:00,2024-02-24,,,,,,,,,,,,2950.75,2961.38,2950.03,2958.28,3228.8676,2950.75,2958.28,-1.0,0.0,-0.0002840294308591706,97.40839205669107,,,,
2024-02-24 10:00:00,2024-02-24,,,,,,,,,,,,2959.29,2966.53,2955.6,2960.66,4052.833,2959.29,2960.66,-1.0,1.0,-0.0028045215463038163,97.13520812237726,,,,
2024-02-24 11:00:00,2024-02-24,,,,,,,,,,,,2959.08,2962.15,2951.91,2961.14,4272.7851,2959.08,2961.14,-1.0,1.0,-0.0021621260124431775,96.9251895621718,,,,
2024-02-24 12:00:00,2024-02-24,,,,,,,,,,,,2961.53,2962.49,2956.25,2956.26,3266.752,2961.53,2956.26,-1.0,1.0,-0.00035198605942317676,96.89107324663895,,,,
2024-02-24 13:00:00,2024-02-24,,,,,,,,,,,,2957.3,2964.2,2954.57,2963.83,3110.6703,2957.3,2963.83,-1.0,0.0,-0.0025606678708908243,96.64296738840015,,,,
2024-02-24 14:00:00,2024-02-24,,,,,,,,,,,,2966.68,2968.9,2956.89,2961.22,4540.4374,2966.68,2961.22,-1.0,1.0,-0.0011193826906401084,96.53478692353347,,,,
2024-02-24 15:00:00,2024-02-24,,,,,,,,,,,,2960.54,2961.8,2957.38,2958.47,2237.2114,2960.54,2958.47,-1.0,0.0,0.0009286712908868642,96.62443600872125,,,,
2024-02-24 16:00:00,2024-02-24,,,,,,,,,,,,2955.47,2963.48,2955.47,2962.33,2945.9423,2955.47,2962.33,-1.0,0.0,-0.001304728457614959,96.49836735735967,,,,
2024-02-24 17:00:00,2024-02-24,,,,,,,,,,,,2963.14,2982.8,2962.73,2976.91,7270.4121,2963.14,2976.91,-1.0,1.0,-0.006921801419828287,95.8304248211744,,,,
2024-02-24 18:00:00,2024-02-24,,,,,,,,,,,,2993.81,3004.2,2993.6,2996.72,7988.8681,2993.81,2996.72,-1.0,1.0,-0.008654551195702909,95.00105550345359,,,,
2024-02-24 19:00:00,2024-02-24,,,,,,,,,,,,2981.85,2987.04,2979.02,2981.24,3358.4344,2981.85,2981.24,-1.0,1.0,0.0031656477749005645,95.3017953834213,,,,
2024-02-24 20:00:00,2024-02-24,,,,,,,,,,,,2987.1,2988.63,2979.04,2988.2,4337.4989,2987.1,2988.2,-1.0,0.0,-0.0023345990259086946,95.07930390475181,,,,
2024-02-24 21:00:00,2024-02-24,,,,,,,,,,,,2988.34,2988.77,2981.67,2984.4,2338.0713,2988.34,2984.4,-1.0,1.0,-0.0007283314369855676,95.01005465871127,,,,
2024-02-24 22:00:00,2024-02-24,,,,,,,,,,,,2985.45,2995.9,2985.23,2993.57,2948.7482,2985.45,2993.57,-1.0,0.0,-0.0030726444176384106,94.71812254464467,,,,
2024-02-24 23:00:00,2024-02-24,,,,,,,,,,,,2988.37,2990.82,2983.9,2986.56,2581.4482,2988.37,2986.56,-1.0,1.0,0.00034168567964010113,94.75048637072057,,,,
2024-02-25 00:00:00,2024-02-24,,,,,,,,,,,,2992.62,2994.24,2983.61,2985.72,3362.7916,2992.62,2985.72,-1.0,0.0,0.0002812600450016559,94.77713589678113,,,,
2024-02-25 01:00:00,2024-02-25,,,,,,,,,,,,2994.71,3000.86,2987.69,2997.17,6222.3914,2994.71,2997.17,,0.0,0.0,100.0,,,,
2024-02-25 02:00:00,2024-02-25,,,,,,,,,,,,3017.08,3046.18,3012.73,3045.32,24678.5269,3017.08,3045.32,-1.0,1.0,-0.01806515479602428,98.19348452039756,,,,
2024-02-25 03:00:00,2024-02-25,,,,,,,,,,,,3031.01,3031.01,3010.4,3024.26,9710.3691,3031.01,3024.26,-1.0,1.0,0.004915529402492987,98.67615748069082,,,,
2024-02-25 04:00:00,2024-02-25,,,,,,,,,,,,3025.18,3025.98,3013.44,3013.75,4700.0956,3025.18,3013.75,-1.0,0.0,0.0034752303042728527,99.01907985347692,,,,
2024-02-25 05:00:00,2024-02-25,,,,,,,,,,,,3022.73,3030.36,3018.19,3022.39,11604.2712,3022.73,3022.39,-1.0,0.0,-0.002866860223973413,98.73520599203054,,,,
2024-02-25 06:00:00,2024-02-25,,,,,,,,,,,,3033.36,3048.0,3030.0,3045.72,15385.1964,3033.36,3045.72,-1.0,0.0,-0.007719056772951184,97.97306333148903,,,,
2024-02-25 07:00:00,2024-02-25,,,,,,,,,,,,3035.21,3038.21,3030.67,3034.34,4537.0079,3035.21,3034.34,-1.0,1.0,0.0017363907384788015,98.14318285127823,,,,
2024-02-25 08:00:00,2024-02-25,,,,,,,,,,,,3030.0,3038.58,3027.52,3033.0,3677.7712,3030.0,3033.0,-1.0,0.0,0.0004416116849134064,98.18652402761994,,,,
2024-02-25 09:00:00,2024-02-25,,,,,,,,,,,,3018.59,3019.99,3010.49,3017.47,5792.2584,3018.59,3017.47,-1.0,1.0,0.0031203428948236725,98.49289965023695,,,,
2024-02-25 10:00:00,2024-02-25,,,,,,,,,,,,3020.29,3031.01,3020.06,3022.31,15160.7908,3020.29,3022.31,-1.0,0.0,-0.0016039927488923323,98.3349177533806,,,,
2024-02-25 11:00:00,2024-02-25,,,,,,,,,,,,3025.59,3034.91,3023.44,3032.67,5198.0788,3025.59,3032.67,-1.0,1.0,-0.005427841617835407,97.80117139431238,,,,
2024-02-25 12:00:00,2024-02-25,,,,,,,,,,,,3040.36,3045.49,3025.84,3034.41,7198.222,3040.36,3034.41,-1.0,1.0,-0.0025737518424358012,97.54945544924388,,,,
2024-02-25 13:00:00,2024-02-25,,,,,,,,,,,,3043.5,3049.69,3030.0,3037.19,7046.5205,3043.5,3037.19,-1.0,0.0,-0.0009161583306145841,97.46008470298715,,,,
2024-02-25 14:00:00,2024-02-25,,,,,,,,,,,,3037.99,3048.0,3036.0,3042.5,4883.3558,3037.99,3042.5,-1.0,0.0,-0.0017483265781857392,97.28969264658869,,,,
2024-02-25 15:00:00,2024-02-25,,,,,,,,,,,,3067.6,3070.78,3058.19,3060.22,7822.2229,3067.6,3060.22,-1.0,1.0,-0.007824157764995825,96.52848274241383,,,,
2024-02-25 16:00:00,2024-02-25,,,,,,,,,,,,3043.61,3053.0,3031.0,3041.33,9060.2779,3043.61,3041.33,-1.0,0.0,0.006172758821261175,97.12432978576501,,,,
2024-02-25 17:00:00,2024-02-25,,,,,,,,,,,,3040.23,3054.78,3040.23,3048.35,6031.7844,3040.23,3048.35,-1.0,0.0,-0.0023082006885145586,96.900147340882,,,,
2024-02-25 18:00:00,2024-02-25,,,,,,,,,,,,3062.51,3063.41,3051.16,3056.33,5131.8591,3062.51,3056.33,-1.0,1.0,-0.004617809634720429,96.45268090688545,,,,
2024-02-25 19:00:00,2024-02-25,,,,,,,,,,,,3065.55,3086.63,3061.12,3077.15,11132.1204,3065.55,3077.15,-1.0,0.0,-0.006812091626231515,95.79563640695207,,,,
2024-02-25 20:00:00,2024-02-25,,,,,,,,,,,,3081.6,3122.0,3081.42,3109.34,30390.6177,3081.6,3109.34,-1.0,1.0,-0.012460978502835434,94.60192904101959,,,,
2024-02-25 21:00:00,2024-02-25,,,,,,,,,,,,3098.61,3101.46,3087.0,3091.22,7145.9968,3098.61,3091.22,-1.0,1.0,0.0038276032855848333,94.96402769543967,,,,
2024-02-25 22:00:00,2024-02-25,,,,,,,,,,,,3109.43,3113.62,3103.47,3109.41,7015.3667,3109.43,3109.41,-1.0,0.0,-0.0058844080977737126,94.40522060187142,,,,
2024-02-25 23:00:00,2024-02-25,,,,,,,,,,,,3102.4,3110.81,3099.0,3108.65,7712.088,3102.4,3108.65,-1.0,0.0,0.00024441935929959816,94.42829506540546,,,,
2024-02-26 00:00:00,2024-02-25,,,,,,,,,,,,3112.6,3122.95,3102.51,3120.72,10013.8545,3112.6,3120.72,-1.0,1.0,-0.005882714361539481,93.87280037788851,,,,
2024-02-26 01:00:00,2024-02-26,,,,,,,,,,,,3115.64,3122.68,3108.07,3117.66,7443.5752,3115.64,3117.66,,1.0,-0.002,99.8,,,,
2024-02-26 02:00:00,2024-02-26,,,,,,,,,,,,3107.42,3110.23,3100.0,3100.26,8189.2052,3107.42,3100.26,-1.0,1.0,0.0035811089086044134,100.15739466907871,,,,
2024-02-26 03:00:00,2024-02-26,,,,,,,,,,,,3093.77,3098.74,3085.81,3098.06,8648.6048,3093.77,3098.06,-1.0,0.0,0.0007096179030146738,100.22846814945518,,,,
2024-02-26 04:00:00,2024-02-26,,,,,,,,,,,,3107.81,3108.49,3097.8,3100.17,5578.4921,3107.81,3100.17,-1.0,1.0,-0.0026810713801540733,99.95974847202301,,,,
2024-02-26 05:00:00,2024-02-26,,,,,,,,,,,,3103.39,3110.0,3096.26,3098.3,4848.0105,3103.39,3098.3,-1.0,0.0,0.0006031927281406796,100.0200434654081,,,,
2024-02-26 06:00:00,2024-02-26,,,,,,,,,,,,3106.59,3110.27,3099.34,3103.91,12031.6901,3106.59,3103.91,-1.0,0.0,-0.0018106703676208477,99.83894013653713,,,,
2024-02-26 07:00:00,2024-02-26,,,,,,,,,,,,3113.29,3113.7,3101.4,3102.19,4553.7743,3113.29,3102.19,-1.0,0.0,0.0005541397785373287,99.8942648647138,,,,
2024-02-26 08:00:00,2024-02-26,,,,,,,,,,,,3087.19,3102.84,3086.59,3102.68,5533.2356,3087.19,3102.68,-1.0,0.0,-0.00015795293002678163,99.87848627288555,,,,
2024-02-26 09:00:00,2024-02-26,,,,,,,,,,,,3092.66,3094.7,3051.0,3056.93,36915.7798,3092.66,3056.93,-1.0,1.0,0.012745316951796513,101.15146923709915,,,,
2024-02-26 10:00:00,2024-02-26,,,,,,,,,,,,3040.71,3066.72,3040.16,3063.74,13161.8765,3040.71,3063.74,-1.0,0.0,-0.0022277252014275585,100.92613155991823,,,,
2024-02-26 11:00:00,2024-02-26,,,,,,,,,,,,3056.26,3065.0,3045.79,3063.81,11386.1241,3056.26,3063.81,-1.0,1.0,-0.002022847891792438,100.7219733474655,,,,
2024-02-26 12:00:00,2024-02-26,,,,,,,,,,,,3057.41,3059.44,3038.0,3051.8,10410.5494,3057.41,3051.8,-1.0,1.0,0.001919955871937151,100.91535509162706,,,,
2024-02-26 13:00:00,2024-02-26,,,,,,,,,,,,3063.47,3077.56,3059.41,3072.79,11986.5516,3063.47,3072.79,-1.0,0.0,-0.00687790811979808,100.22126855143006,,,,
2024-02-26 14:00:00,2024-02-26,,,,,,,,,,,,3061.08,3077.77,3060.0,3073.58,6141.8775,3061.08,3073.58,-1.0,1.0,-0.0022570953433199026,99.995059592881,,,,
2024-02-26 15:00:00,2024-02-26,,,,,,,,,,,,3103.52,3124.15,3098.95,3120.83,21249.991,3103.52,3120.83,-1.0,1.0,-0.017372952713122808,98.257850151028,,,,
2024-02-26 16:00:00,2024-02-26,,,,,,,,,,,,3145.59,3166.62,3134.85,3159.98,41108.8598,3145.59,3159.98,-1.0,1.0,-0.014544739700656586,96.82871529703516,,,,
2024-02-26 17:00:00,2024-02-26,,,,,,,,,,,,3153.56,3162.66,3147.78,3148.01,7618.8291,3153.56,3148.01,-1.0,1.0,0.0017879986582192923,97.00184491006335,,,,
2024-02-26 18:00:00,2024-02-26,,,,,,,,,,,,3149.25,3153.94,3141.53,3143.9,9056.2284,3149.25,3143.9,-1.0,0.0,0.0013055867039812857,97.12848922903959,,,,
2024-02-26 19:00:00,2024-02-26,,,,,,,,,,,,3136.05,3171.69,3127.57,3164.36,23050.6207,3136.05,3164.36,-1.0,0.0,-0.006507840580171137,96.49639250534412,,,,
2024-02-26 20:00:00,2024-02-26,,,,,,,,,,,,3179.11,3196.0,3166.12,3177.99,19437.803,3179.11,3177.99,-1.0,1.0,-0.0063073480893449715,95.88775616844686,,,,
2024-02-26 21:00:00,2024-02-26,,,,,,,,,,,,3182.02,3186.1,3175.0,3182.34,6157.3793,3182.02,3182.34,-1.0,0.0,-0.0013687897067015202,95.75650599480478,,,,
2024-02-26 22:00:00,2024-02-26,,,,,,,,,,,,3184.97,3190.35,3165.51,3175.25,6548.6842,3184.97,3175.25,-1.0,1.0,0.0002279203353507623,95.77833084976314,,,,
2024-02-26 23:00:00,2024-02-26,,,,,,,,,,,,3184.99,3184.99,3170.12,3170.91,5060.0089,3184.99,3170.91,-1.0,0.0,0.0013668215101173594,95.90924273257174,,,,
2024-02-27 00:00:00,2024-02-26,,,,,,,,,,,,3175.95,3179.01,3169.86,3173.79,6355.8654,3175.95,3173.79,-1.0,0.0,-0.0009082566203393062,95.82213252790815,,,,
2024-02-27 01:00:00,2024-02-27,,,,,,,,,,,,3167.61,3181.94,3165.8,3181.71,9859.3262,3167.61,3181.71,,0.0,0.0,100.0,,,,
2024-02-27 02:00:00,2024-02-27,,,,,,,,,,,,3221.61,3270.0,3212.43,3233.17,54278.6312,3221.61,3233.17,-1.0,1.0,-0.0181736927626968,98.18263072373033,,,,
2024-02-27 03:00:00,2024-02-27,,,,,,,,,,,,3239.95,3244.72,3231.0,3236.79,15190.4327,3239.95,3236.79,-1.0,1.0,-0.0031196441882115357,97.87633585040972,,,,
2024-02-27 04:00:00,2024-02-27,,,,,,,,,,,,3216.55,3227.81,3206.55,3225.72,18224.616,3216.55,3225.72,-1.0,0.0,0.0034200550545448313,98.21107830755525,,,,
2024-02-27 05:00:00,2024-02-27,,,,,,,,,,,,3211.62,3218.6,3207.47,3218.59,8869.2017,3211.62,3218.59,-1.0,1.0,0.00021035923762746135,98.2317379151146,,,,
2024-02-27 06:00:00,2024-02-27,,,,,,,,,,,,3221.5,3231.5,3220.9,3229.65,8669.1577,3221.5,3229.65,-1.0,1.0,-0.005436287318359886,97.69772196402621,,,,
2024-02-27 07:00:00,2024-02-27,,,,,,,,,,,,3231.0,3233.08,3215.27,3224.11,24006.3914,3231.0,3224.11,-1.0,1.0,-0.00028464384685648186,97.66991290861726,,,,
2024-02-27 08:00:00,2024-02-27,,,,,,,,,,,,3217.51,3232.4,3216.61,3229.83,11954.7919,3217.51,3229.83,-1.0,0.0,-0.0017741330165533433,97.49663349140219,,,,
2024-02-27 09:00:00,2024-02-27,,,,,,,,,,,,3219.98,3253.52,3219.98,3241.12,11132.7562,3219.98,3241.12,-1.0,1.0,-0.0054955400129418465,96.96083684092306,,,,
2024-02-27 10:00:00,2024-02-27,,,,,,,,,,,,3258.43,3259.16,3247.07,3254.39,9254.2327,3258.43,3254.39,-1.0,1.0,-0.006094263711309666,96.36993193154521,,,,
2024-02-27 11:00:00,2024-02-27,,,,,,,,,,,,3260.2,3264.66,3251.0,3255.86,12065.5067,3260.2,3255.86,-1.0,0.0,-0.0004516975531513601,96.32640186909438,,,,
2024-02-27 12:00:00,2024-02-27,,,,,,,,,,,,3254.9,3274.28,3248.71,3266.06,12868.8963,3254.9,3266.06,-1.0,0.0,-0.003132812835932693,96.02462928087967,,,,
2024-02-27 13:00:00,2024-02-27,,,,,,,,,,,,3257.09,3280.55,3240.14,3251.75,20253.3479,3257.09,3251.75,-1.0,1.0,0.002381425938286481,96.25330482376349,,,,
2024-02-27 14:00:00,2024-02-27,,,,,,,,,,,,3267.46,3269.64,3250.47,3258.01,10276.4591,3267.46,3258.01,-1.0,0.0,-0.0019251172445606884,96.0680059268013,,,,
2024-02-27 15:00:00,2024-02-27,,,,,,,,,,,,3253.75,3262.71,3248.06,3259.77,12073.6594,3253.75,3259.77,-1.0,0.0,-0.000540207058910121,96.01610931186423,,,,
2024-02-27 16:00:00,2024-02-27,,,,,,,,,,,,3229.77,3252.43,3203.72,3244.03,26705.1384,3229.77,3244.03,-1.0,1.0,0.002828561524279253,96.28769678437476,,,,
2024-02-27 17:00:00,2024-02-27,,,,,,,,,,,,3237.38,3245.9,3234.34,3239.6,5990.7357,3237.38,3239.6,-1.0,1.0,-0.0006344146015911411,96.22661046358118,,,,
2024-02-27 18:00:00,2024-02-27,,,,,,,,,,,,3225.54,3239.97,3220.78,3237.06,7035.9851,3225.54,3237.06,-1.0,1.0,-0.001215952586739115,96.10960346767484,,,,
2024-02-27 19:00:00,2024-02-27,,,,,,,,,,,,3235.6,3248.25,3232.14,3244.01,6927.7649,3235.6,3244.01,-1.0,1.0,-0.004147009941119495,95.71103598665735,,,,
2024-02-27 20:00:00,2024-02-27,,,,,,,,,,,,3250.72,3255.82,3237.64,3247.62,8500.7557,3250.72,3247.62,-1.0,1.0,-0.0031128202440805276,95.41310473625616,,,,
2024-02-27 21:00:00,2024-02-27,,,,,,,,,,,,3252.55,3254.36,3241.81,3250.47,6095.0426,3252.55,3250.47,-1.0,0.0,-0.0008775657250540116,95.32937346581863,,,,
2024-02-27 22:00:00,2024-02-27,,,,,,,,,,,,3247.99,3268.34,3243.68,3263.67,6853.4149,3247.99,3263.67,-1.0,0.0,-0.004060951185520948,94.94224553362764,,,,
2024-02-27 23:00:00,2024-02-27,,,,,,,,,,,,3247.65,3249.95,3239.13,3246.0,4099.6409,3247.65,3246.0,-1.0,1.0,0.0034141503276985943,95.26639263232872,,,,
2024-02-28 00:00:00,2024-02-27,,,,,,,,,,,,3242.35,3244.71,3236.0,3243.09,3723.8018,3242.35,3243.09,-1.0,0.0,0.0008964879852125245,95.35179780871813,,,,
2024-02-28 01:00:00,2024-02-28,,,,,,,,,,,,3254.62,3258.39,3239.34,3247.42,3861.1403,3254.62,3247.42,,1.0,-0.002,99.8,,,,
2024-02-28 02:00:00,2024-02-28,,,,,,,,,,,,3235.0,3242.6,3230.12,3242.59,4024.2037,3235.0,3242.59,-1.0,0.0,0.0014873345609745358,99.94843598918526,,,,
2024-02-28 03:00:00,2024-02-28,,,,,,,,,,,,3243.91,3246.51,3232.15,3244.13,4072.1206,3243.91,3244.13,-1.0,1.0,-0.002474928991947784,99.7010707072558,,,,
2024-02-28 04:00:00,2024-02-28,,,,,,,,,,,,3248.83,3266.19,3244.16,3266.18,6191.6231,3248.83,3266.18,-1.0,1.0,-0.008796891616550423,98.82401119419004,,,,
2024-02-28 05:00:00,2024-02-28,,,,,,,,,,,,3267.33,3267.8,3255.09,3261.09,9714.7628,3267.33,3261.09,-1.0,1.0,-0.00044160456557823177,98.78037005965793,,,,
2024-02-28 06:00:00,2024-02-28,,,,,,,,,,,,3251.85,3260.75,3250.6,3256.38,15821.7017,3251.85,3256.38,-1.0,0.0,0.0014443023651601263,98.92303878176646,,,,
2024-02-28 07:00:00,2024-02-28,,,,,,,,,,,,3258.94,3274.25,3258.74,3272.66,8278.0029,3258.94,3272.66,-1.0,1.0,-0.006999416530011775,98.23063522891837,,,,
2024-02-28 08:00:00,2024-02-28,,,,,,,,,,,,3303.0,3315.46,3282.8,3303.12,25605.262,3303.0,3303.12,-1.0,1.0,-0.01130741354127836,97.11990081396252,,,,
2024-02-28 09:00:00,2024-02-28,,,,,,,,,,,,3330.83,3330.83,3302.82,3313.9,22789.277,3330.83,3313.9,-1.0,1.0,-0.005263581099082141,96.60870233969342,,,,
2024-02-28 10:00:00,2024-02-28,,,,,,,,,,,,3359.58,3369.8,3335.16,3343.16,15361.5776,3359.58,3343.16,-1.0,0.0,-0.008829475844171448,95.75569813604834,,,,
2024-02-28 11:00:00,2024-02-28,,,,,,,,,,,,3344.74,3350.95,3338.27,3350.49,9833.6557,3344.74,3350.49,-1.0,0.0,-0.0021925364026848635,95.54575028212055,,,,
2024-02-28 12:00:00,2024-02-28,,,,,,,,,,,,3296.13,3312.04,3287.07,3304.96,18314.6028,3296.13,3304.96,-1.0,1.0,0.011589057122987906,96.65303543999877,,,,
2024-02-28 13:00:00,2024-02-28,,,,,,,,,,,,3313.22,3358.82,3311.62,3338.99,27195.1041,3313.22,3338.99,-1.0,1.0,-0.012296645042602557,95.46452737090303,,,,
2024-02-28 14:00:00,2024-02-28,,,,,,,,,,,,3354.72,3365.98,3319.16,3336.81,26723.26,3354.72,3336.81,-1.0,1.0,-0.0013471079577956698,95.33592634639449,,,,
2024-02-28 15:00:00,2024-02-28,,,,,,,,,,,,3355.4,3376.38,3334.41,3362.61,25497.1196,3355.4,3362.61,-1.0,0.0,-0.007731935591178456,94.59879510435883,,,,
2024-02-28 16:00:00,2024-02-28,,,,,,,,,,,,3348.38,3386.8,3347.5,3380.43,20872.0309,3348.38,3380.43,-1.0,1.0,-0.0072994548877210585,93.90827546706178,,,,
2024-02-28 17:00:00,2024-02-28,,,,,,,,,,,,3423.38,3488.0,3410.34,3423.69,80427.5794,3423.38,3423.69,-1.0,1.0,-0.014797188523353603,92.51869701107265,,,,
2024-02-28 18:00:00,2024-02-28,,,,,,,,,,,,3342.02,3360.0,3204.57,3270.57,66987.5482,3342.02,3270.57,-1.0,1.0,0.04272367533275498,96.47143578438325,,,,
2024-02-28 19:00:00,2024-02-28,,,,,,,,,,,,3318.34,3331.88,3301.0,3323.58,20380.0226,3318.34,3323.58,-1.0,0.0,-0.016208183894550417,94.90780901261864,,,,
2024-02-28 20:00:00,2024-02-28,,,,,,,,,,,,3299.13,3302.42,3253.46,3259.88,20235.0196,3299.13,3259.88,-1.0,1.0,0.017166079949933452,96.53700405000227,,,,
2024-02-28 21:00:00,2024-02-28,,,,,,,,,,,,3299.13,3318.87,3273.65,3318.46,14165.1456,3299.13,3318.46,-1.0,0.0,-0.017969986625274527,94.80223537837965,,,,
2024-02-28 22:00:00,2024-02-28,,,,,,,,,,,,3322.79,3345.0,3319.37,3342.81,9504.1495,3322.79,3342.81,-1.0,1.0,-0.009337741000343507,93.91699665816274,,,,
2024-02-28 23:00:00,2024-02-28,,,,,,,,,,,,3340.33,3374.06,3339.2,3371.17,12280.8794,3340.33,3371.17,-1.0,1.0,-0.01048388032822689,92.93238210441208,,,,
2024-02-29 00:00:00,2024-02-28,,,,,,,,,,,,3383.11,3431.57,3374.18,3426.12,29008.3749,3383.11,3426.12,-1.0,1.0,-0.01829997893906264,91.23172146914442,,,,
